Date ,Site,Transect,Quadrat,Bare Ground (%),Vegetation (%),Pithy Stems,PLNT CODE,Blooming Species,No. Ramets,No. Flowers
6/6/2019,GRE29,1,1,10,90,Yes,LEVU,Leucanthemum vulgare,3,5
6/6/2019,GRE29,1,2,20,80,Yes,LEVU,Leucanthemum vulgare,1,1
6/6/2019,GRE29,1,3,80,20,Yes,,,,
6/6/2019,GRE29,1,4,40,60,Yes,,,,
6/6/2019,GRE29,1,5,20,80,Yes,,,,
6/6/2019,GRE29,2,1,20,80,Yes,,,,
6/6/2019,GRE29,2,2,20,80,Yes,LEVU,Leucanthemum vulgare,5,14
6/6/2019,GRE29,2,3,40,60,Yes,,,,
6/6/2019,GRE29,2,4,40,60,Yes,,,,
6/6/2019,GRE29,2,5,60,40,Yes,,,,
6/6/2019,GRE29,3,1,60,40,Yes,ZIAU,Zizia aurea,2,3400
6/6/2019,GRE29,3,2,10,40,Yes,ZIAU,Zizia aurea,1,100
6/6/2019,GRE29,3,3,60,90,Yes,,,,
6/6/2019,GRE29,3,4,60,40,Yes,,,,
6/6/2019,GRE29,3,5,60,40,Yes,LEVU,Leucanthemum vulgare,1,3
6/6/2019,GRE29,4,1,80,20,Yes,,,,
6/6/2019,GRE29,4,2,20,80,Yes,,,,
6/6/2019,GRE29,4,3,60,40,Yes,,,,
6/6/2019,GRE29,4,4,10,90,Yes,LEVU,Leucanthemum vulgare,1,6
6/6/2019,GRE29,4,5,10,90,Yes,,,,
6/6/2019,GRE29,5,1,40,60,Yes,,,,
6/6/2019,GRE29,5,2,10,90,Yes,,,,
6/6/2019,GRE29,5,3,40,60,Yes,,,,
6/6/2019,GRE29,5,4,60,40,Yes,,,,
6/6/2019,GRE29,5,5,40,60,Yes,LEVU,Leucanthemum vulgare,4,37
6/4/2019,PRU,1,1,40,60,Yes,PEDI,Penstemon digitalis,5,108
6/4/2019,PRU,1,2,20,80,No,PEDI,Penstemon digitalis,5,187
6/4/2019,PRU,1,3,60,40,No,PEDI,Penstemon digitalis,4,86
6/4/2019,PRU,1,4,40,60,No,PEDI,Penstemon digitalis,2,50
6/4/2019,PRU,1,4,40,60,No,TRVI,Tradescantia virginiana,1,3
6/4/2019,PRU,1,5,0,100,No,PEDI,Penstemon digitalis,2,53
6/4/2019,PRU,1,5,0,100,No,ZIAU,Zizia aurea,1,140
6/4/2019,PRU,2,1,40,60,No,PEDI,Penstemon digitalis,7,71
6/4/2019,PRU,2,1,40,60,No,TRVI,Tradescantia virginiana,1,1
6/4/2019,PRU,2,2,20,80,No,PEDI,Penstemon digitalis,4,256
6/4/2019,PRU,2,2,20,80,No,TRVI,Tradescantia virginiana,1,7
6/4/2019,PRU,2,3,60,40,No,PEDI,Penstemon digitalis,3,101
6/4/2019,PRU,2,3,60,40,No,TRVI,Tradescantia virginiana,2,7
6/4/2019,PRU,2,4,20,80,No,PEDI,Penstemon digitalis,3,87
6/4/2019,PRU,2,5,20,80,No,PEDI,Penstemon digitalis,4,157
6/4/2019,PRU,3,1,20,80,Yes,PEDI,Penstemon digitalis,5,174
6/4/2019,PRU,3,1,20,80,Yes,ERST,Erigeron strigosus,2,8
6/4/2019,PRU,3,2,20,80,Yes,PEDI,Penstemon digitalis,3,131
6/4/2019,PRU,3,3,80,20,Yes,PEDI,Penstemon digitalis,5,280
6/4/2019,PRU,3,4,40,60,Yes,PEDI,Penstemon digitalis,4,272
6/4/2019,PRU,3,4,40,60,Yes,ZIAU,Zizia aurea,2,5000
6/4/2019,PRU,3,5,20,80,Yes,PEDI,Penstemon digitalis,3,244
6/4/2019,PRU,3,5,20,80,Yes,ZIAU,Zizia aurea,1,800
6/4/2019,PRU,4,1,20,80,Yes,PEDI,Penstemon digitalis,3,128
6/4/2019,PRU,4,1,20,80,Yes,ZIAU,Zizia aurea,2,100
6/4/2019,PRU,4,2,10,90,Yes,PEDI,Penstemon digitalis,2,228
6/4/2019,PRU,4,2,10,90,Yes,TRPR,Trifolium pratense,2,90
6/4/2019,PRU,4,3,20,80,Yes,PEDI,Penstemon digitalis,4,320
6/4/2019,PRU,4,3,20,80,Yes,ZIAU,Zizia aurea,2,1200
6/4/2019,PRU,4,4,10,90,Yes,PEDI,Penstemon digitalis,4,272
6/4/2019,PRU,4,5,10,90,Yes,PEDI,Penstemon digitalis,4,230
6/4/2019,PRU,5,1,20,80,Yes,PEDI,Penstemon digitalis,3,200
6/4/2019,PRU,5,2,40,60,Yes,PEDI,Penstemon digitalis,3,91
6/4/2019,PRU,5,3,10,90,Yes,PEDI,Penstemon digitalis,6,256
6/4/2019,PRU,5,4,20,80,Yes,PEDI,Penstemon digitalis,3,180
6/4/2019,PRU,5,5,40,60,Yes,PEDI,Penstemon digitalis,2,79
6/4/2019,PRU,5,5,40,60,Yes,ZIAU,Zizia aurea,2,1000
6/4/2019,PRU,5,5,40,60,Yes,TRVI,Tradescantia virginiana,1,1
6/3/2019,ROG,1,1,30,30,Yes,,,,
6/3/2019,ROG,1,2,30,30,Yes,,,,
6/3/2019,ROG,1,3,5,20,Yes,ZIAU,Zizia aurea,1,300
6/3/2019,ROG,1,4,5,15,Yes,TAOF,Taraxacum officinale,1,2
6/3/2019,ROG,1,5,5,40,Yes,ZIAU,Zizia aurea,2,1000
6/3/2019,ROG,2,1,50,20,Yes,ZIAU,Zizia aurea,2,1000
6/3/2019,ROG,2,2,10,10,Yes,TAOF,Taraxacum officinale,1,1
6/3/2019,ROG,2,2,10,10,Yes,PAGL,Packera glabella,1,1
6/3/2019,ROG,2,3,10,20,Yes,TAOF,Taraxacum officinale,2,2
6/3/2019,ROG,2,3,10,20,Yes,PAGL,Packera glabella,2,2
6/3/2019,ROG,2,4,15,25,Yes,,,,
6/3/2019,ROG,2,5,10,25,Yes,COLA,Coreopsis lanceolata,1,1
6/3/2019,ROG,3,1,25,30,Yes,PEDI,Penstemon digitalis,1,39
6/3/2019,ROG,3,2,20,20,Yes,TRPR,Trifolium pratense,1,40
6/3/2019,ROG,3,3,40,15,Yes,,,,
6/3/2019,ROG,3,4,15,15,Yes,,,,
6/3/2019,ROG,3,5,20,20,Yes,PAGL,Packera glabella,4,16
6/3/2019,ROG,4,1,5,15,Yes,PAGL,Packera glabella,4,8
6/3/2019,ROG,4,2,20,30,Yes,PEDI,Penstemon digitalis,1,30
6/3/2019,ROG,4,3,20,20,Yes,,,,
6/3/2019,ROG,4,4,20,20,Yes,,,,
6/3/2019,ROG,4,5,20,15,Yes,PAGL,Packera glabella,1,1
6/3/2019,ROG,5,1,40,25,Yes,PEDI,Penstemon digitalis,1,100
6/3/2019,ROG,5,2,60,20,Yes,ZIAU,Zizia aurea,2,1000
6/3/2019,ROG,5,3,40,30,Yes,DADA,Dandelion ,1,1
6/3/2019,ROG,5,3,40,30,Yes,PAGL,Packera glabella,1,1
6/3/2019,ROG,5,3,40,30,Yes,ZIAU,Zizia aurea,1,1000
6/3/2019,ROG,5,4,25,30,Yes,,,,
6/3/2019,ROG,5,5,20,40,Yes,,,,
6/6/2019,GRE21,1,1,1,80,Yes,,,,
6/6/2019,GRE21,1,2,3,95,Yes,,,,
6/6/2019,GRE21,1,3,0,70,No,,,,
6/6/2019,GRE21,1,4,5,90,No,,,,
6/6/2019,GRE21,1,5,15,65,Yes,,,,
6/6/2019,GRE21,2,1,3,75,Yes,ERAN,Erigeron annus,1,2
6/6/2019,GRE21,2,2,0,75,No,,,,
6/6/2019,GRE21,2,3,5,75,No,,,,
6/6/2019,GRE21,2,4,5,70,No,,,,
6/6/2019,GRE21,2,5,0,90,No,,,,
6/6/2019,GRE21,3,1,0,80,Yes,,,,
6/6/2019,GRE21,3,2,3,70,No,,,,
6/6/2019,GRE21,3,3,10,65,No,,,,
6/6/2019,GRE21,3,4,0,75,No,MEOF,Melilotus officinalis,1,4
6/6/2019,GRE21,3,5,3,80,Yes,,,,
6/6/2019,GRE21,4,1,5,80,No,,,,
6/6/2019,GRE21,4,2,15,40,No,,,,
6/6/2019,GRE21,4,3,0,85,Yes,,,,
6/6/2019,GRE21,4,4,0,75,No,,,,
6/6/2019,GRE21,4,5,0,70,No,,,,
6/6/2019,GRE21,5,1,3,80,No,,,,
6/6/2019,GRE21,5,2,3,90,No,,,,
6/6/2019,GRE21,5,3,5,75,Yes,,,,
6/6/2019,GRE21,5,4,10,70,No,,,,
6/6/2019,GRE21,5,5,3,85,No,,,,
6/5/2019,TEN20,1,1,25,60,No,,,,
6/5/2019,TEN20,1,2,35,50,No,,,,
6/5/2019,TEN20,1,3,5,85,No,,,,
6/5/2019,TEN20,1,4,30,40,No,,,,
6/5/2019,TEN20,1,5,15,60,No,,,,
6/5/2019,TEN20,2,1,40,40,No,,,,
6/5/2019,TEN20,2,2,40,50,No,,,,
6/5/2019,TEN20,2,3,15,55,No,TRRE,Trifolium repens,3,100
6/5/2019,TEN20,2,4,30,50,No,,,,
6/5/2019,TEN20,2,5,50,40,No,PEDI,Penstemon digitalis,3,12
6/5/2019,TEN20,3,1,5,90,No,PEDI,Penstemon digitalis,2,11
6/5/2019,TEN20,3,2,60,40,No,,,,
6/5/2019,TEN20,3,3,70,30,No,,,,
6/5/2019,TEN20,3,4,25,55,No,STST,STAN,1,1
6/5/2019,TEN20,3,5,20,80,No,PEDI,Penstemon digitalis,2,4
6/5/2019,TEN20,4,1,60,40,No,TROH,Tradescantia ohiensis,1,1
6/5/2019,TEN20,4,2,50,50,No,,,,
6/5/2019,TEN20,4,3,30,65,No,PEDI,Penstemon digitalis,5,50
6/5/2019,TEN20,4,4,15,85,No,PEDI,Penstemon digitalis,3,11
6/5/2019,TEN20,4,5,10,90,No,PEDI,Penstemon digitalis,7,35
6/5/2019,TEN20,5,1,15,75,No,STST,STAN,2,2
6/5/2019,TEN20,5,2,30,70,No,PEDI,Penstemon digitalis,1,15
6/5/2019,TEN20,5,3,40,60,No,PEDI,Penstemon digitalis,4,53
6/5/2019,TEN20,5,4,70,30,No,PEDI,Penstemon digitalis,1,3
6/5/2019,TEN20,5,4,70,30,No,STST,STAN,3,6
6/5/2019,TEN20,5,5,40,30,No,PEDI,Penstemon digitalis,2,12
6/4/2019,TOB,1,1,5,25,Yes,PEDI,Penstemon digitalis,1,9
6/4/2019,TOB,1,2,10,30,Yes,PEDI,Penstemon digitalis,9,42
6/4/2019,TOB,1,3,15,75,Yes,PEDI,Penstemon digitalis,3,21
6/4/2019,TOB,1,4,3,85,Yes,PEDI,Penstemon digitalis,6,27
6/4/2019,TOB,1,4,3,85,Yes,TRPR,Trifolium pratense,2,100
6/4/2019,TOB,1,5,25,35,No,TRVI,Tradescantia virginiana,1,1
6/4/2019,TOB,1,5,25,35,No,TRPR,Trifolium pratense,2,80
6/4/2019,TOB,2,1,1,95,Yes,PEDI,Penstemon digitalis,16,55
6/4/2019,TOB,2,2,5,70,Yes,PEDI,Penstemon digitalis,8,80
6/4/2019,TOB,2,2,5,70,Yes,TRVI,Tradescantia virginiana,1,1
6/4/2019,TOB,2,3,25,70,Yes,PEDI,Penstemon digitalis,10,80
6/4/2019,TOB,2,4,15,80,No,PEDI,Penstemon digitalis,19,125
6/4/2019,TOB,2,5,15,80,Yes,PEDI,Penstemon digitalis,4,38
6/4/2019,TOB,3,1,10,60,No,PEDI,Penstemon digitalis,11,50
6/4/2019,TOB,3,1,10,60,No,TRPR,Trifolium pratense,3,60
6/4/2019,TOB,3,2,20,80,Yes,PEDI,Penstemon digitalis,22,185
6/4/2019,TOB,3,3,45,40,No,TRPR,Trifolium pratense,4,100
6/4/2019,TOB,3,4,1,60,No,PEDI,Penstemon digitalis,13,150
6/4/2019,TOB,3,5,15,70,Yes,PEDI,Penstemon digitalis,9,105
6/4/2019,TOB,3,5,15,70,Yes,TRPR,Trifolium pratense,1,20
6/4/2019,TOB,4,1,25,65,Yes,PEDI,Penstemon digitalis,6,50
6/4/2019,TOB,4,1,25,65,Yes,TRPR,Trifolium pratense,1,40
6/4/2019,TOB,4,2,55,35,yes,PEDI,Penstemon digitalis,3,6
6/4/2019,TOB,4,3,50,45,No,PEDI,Penstemon digitalis,4,36
6/4/2019,TOB,4,3,50,45,No,TRPR,Trifolium pratense,2,60
6/4/2019,TOB,4,4,30,40,Yes,PEDI,Penstemon digitalis,6,45
6/4/2019,TOB,4,5,5,50,Yes,PEDI,Penstemon digitalis,7,60
6/4/2019,TOB,5,1,20,55,No,PEDI,Penstemon digitalis,10,70
6/4/2019,TOB,5,1,20,55,No,TRPR,Trifolium pratense,4,120
6/4/2019,TOB,5,2,50,50,No,PEDI,Penstemon digitalis,8,55
6/4/2019,TOB,5,3,30,65,Yes,,,,
6/4/2019,TOB,5,4,15,70,Yes,PEDI,Penstemon digitalis,8,85
6/4/2019,TOB,5,5,20,40,Yes,PEDI,Penstemon digitalis,6,40
6/3/2019,LEW,1,1,60,25,No,,,,
6/3/2019,LEW,1,2,55,30,No,,,,
6/3/2019,LEW,1,3,15,35,No,,,,
6/3/2019,LEW,1,4,15,15,No,,,,
6/3/2019,LEW,1,5,15,10,No,,,,
6/3/2019,LEW,2,1,99,1,No,,,,
6/3/2019,LEW,2,2,15,20,No,,,,
6/3/2019,LEW,2,3,10,5,No,,,,
6/3/2019,LEW,2,4,20,25,No,,,,
6/3/2019,LEW,2,5,30,20,No,,,,
6/3/2019,LEW,3,1,30,5,No,,,,
6/3/2019,LEW,3,2,20,30,No,,,,
6/3/2019,LEW,3,3,10,40,No,,,,
6/3/2019,LEW,3,4,50,30,No,,,,
6/3/2019,LEW,3,5,60,30,No,,,,
6/3/2019,LEW,4,1,99,1,No,,,,
6/3/2019,LEW,4,2,25,0,No,,,,
6/3/2019,LEW,4,3,50,1,No,,,,
6/3/2019,LEW,4,4,20,10,No,,,,
6/3/2019,LEW,4,5,65,5,No,,,,
6/3/2019,LEW,5,1,75,3,No,,,,
6/3/2019,LEW,5,2,85,0,No,,,,
6/3/2019,LEW,5,3,95,1,No,,,,
6/3/2019,LEW,5,4,75,3,No,,,,
6/3/2019,LEW,5,5,25,5,No,,,,
6/5/2019,BEH,1,1,20,80,Yes,TRPR,Trifolium pratense,4,260
6/5/2019,BEH,1,2,40,60,Yes,TRPR,Trifolium pratense,1,20
6/5/2019,BEH,1,3,20,80,Yes,TRPR,Trifolium pratense,9,2100
6/5/2019,BEH,1,4,40,60,Yes,TRPR,Trifolium pratense,6,500
6/5/2019,BEH,1,4,40,60,Yes,TRRE,Trifolium repens,1,20
6/5/2019,BEH,1,5,40,60,Yes,TRPR,Trifolium pratense,5,420
6/5/2019,BEH,2,1,40,60,Yes,TRPR,Trifolium pratense,2,40
6/5/2019,BEH,2,1,40,60,Yes,MEOF,Melilotus officinalis,1,170
6/5/2019,BEH,2,2,10,90,Yes,TRPR,Trifolium pratense,2,280
6/5/2019,BEH,2,2,10,90,Yes,TRRE,Trifolium repens,3,120
6/5/2019,BEH,2,3,40,60,Yes,,,,
6/5/2019,BEH,2,4,20,80,Yes,TRPR,Trifolium pratense,3,140
6/5/2019,BEH,2,5,40,60,Yes,TRPR,Trifolium pratense,2,120
6/5/2019,BEH,2,5,40,60,Yes,TAOF,Taraxacum officinale,1,1
6/5/2019,BEH,3,1,40,60,Yes,TRPR,Trifolium pratense,3,140
6/5/2019,BEH,3,2,20,80,Yes,TRPR,Trifolium pratense,2,120
6/5/2019,BEH,3,2,20,80,Yes,TAOF,Taraxacum officinale,1,1
6/5/2019,BEH,3,3,20,80,Yes,,,,
6/5/2019,BEH,3,4,20,80,Yes,TRPR,Trifolium pratense,1,20
6/5/2019,BEH,3,5,20,80,Yes,TRPR,Trifolium pratense,5,200
6/5/2019,BEH,4,1,20,80,Yes,TRPR,Trifolium pratense,3,500
6/5/2019,BEH,4,2,40,60,Yes,,,,
6/5/2019,BEH,4,3,20,80,Yes,ERST,Erigeron strigosus ,2,2
6/5/2019,BEH,4,4,40,60,Yes,TRPR,Trifolium pratense,1,60
6/5/2019,BEH,4,5,40,60,Yes,TRPR,Trifolium pratense,1,140
6/5/2019,BEH,5,1,20,80,Yes,TRPR,Trifolium pratense,3,80
6/5/2019,BEH,5,2,80,20,Yes,TRPR,Trifolium pratense,2,100
6/5/2019,BEH,5,3,20,80,Yes,TRPR,Trifolium pratense,3,360
6/5/2019,BEH,5,4,80,20,Yes,TRPR,Trifolium pratense,2,40
6/5/2019,BEH,5,5,40,60,Yes,,,,
6/7/2019,GLAZIK,1,1,0,100,Yes,,,,
6/7/2019,GLAZIK,1,2,10,90,Yes,,,,
6/7/2019,GLAZIK,1,3,80,20,Yes,,,,
6/7/2019,GLAZIK,1,4,80,20,Yes,PEDI,Penstemon digitalis,1,6
6/7/2019,GLAZIK,1,5,80,20,Yes,,,,
6/7/2019,GLAZIK,2,1,10,90,Yes,COLA,Coreopsis lanceolata,1,3
6/7/2019,GLAZIK,2,2,80,20,Yes,,,,
6/7/2019,GLAZIK,2,3,20,80,Yes,PEDI,Penstemon digitalis,4,39
6/7/2019,GLAZIK,2,4,20,80,Yes,,,,
6/7/2019,GLAZIK,2,5,20,80,Yes,PEDI,Penstemon digitalis,2,86
6/7/2019,GLAZIK,3,1,10,90,Yes,,,,
6/7/2019,GLAZIK,3,2,20,80,Yes,PEDI,Penstemon digitalis,1,15
6/7/2019,GLAZIK,3,3,80,20,Yes,,,,
6/7/2019,GLAZIK,3,4,40,40,Yes,PEDI,Penstemon digitalis,1,13
6/7/2019,GLAZIK,3,5,80,20,Yes,,,,
6/7/2019,GLAZIK,4,1,10,90,Yes,,,,
6/7/2019,GLAZIK,4,2,80,20,Yes,,,,
6/7/2019,GLAZIK,4,3,80,20,Yes,,,,
6/7/2019,GLAZIK,4,4,80,20,Yes,,,,
6/7/2019,GLAZIK,4,5,0,100,Yes,PEDI,Penstemon digitalis,1,9
6/7/2019,GLAZIK,5,1,10,90,Yes,,,,
6/7/2019,GLAZIK,5,2,10,90,Yes,,,,
6/7/2019,GLAZIK,5,3,0,100,Yes,PEDI,Penstemon digitalis,1,9
6/7/2019,GLAZIK,5,4,10,90,Yes,,,,
6/7/2019,GLAZIK,5,5,90,10,Yes,TAOF,Taraxacum officinale,1,1
7/3/2019,GRE29,1,1,0,100,Yes,RUHI,Rudbeckia hirta,5,20
7/3/2019,GRE29,1,1,0,100,Yes,ERST,Erigeron strigosus,2,18
7/3/2019,GRE29,1,1,0,100,Yes,CIAR,Cirsium arvense,1,2
7/3/2019,GRE29,1,2,0,100,Yes,,,,
7/3/2019,GRE29,1,3,0,100,Yes,CIAR,Cirsium arvense,3,5
7/3/2019,GRE29,1,3,0,100,Yes,RUHI,Rudbeckia hirta,2,5
7/3/2019,GRE29,1,4,1,95,Yes,RUHI,Rudbeckia hirta,3,14
7/3/2019,GRE29,1,5,1,95,Yes,ERST,Erigeron strigosus,1,104
7/3/2019,GRE29,1,5,1,95,Yes,CIAR,Cirsium arvense,15,44
7/3/2019,GRE29,2,1,1,95,Yes,RUHI,Rudbeckia hirta,2,23
7/3/2019,GRE29,2,1,1,95,Yes,CIAR,Cirsium arvense,13,56
7/3/2019,GRE29,2,2,5,90,Yes,RUHI,Rudbeckia hirta,1,2
7/3/2019,GRE29,2,2,5,90,Yes,CIAR,Cirsium arvense,9,19
7/3/2019,GRE29,2,3,1,95,Yes,RAPI,Ratibida pinnata,9,13
7/3/2019,GRE29,2,3,1,95,Yes,RUHI,Rudbeckia hirta,1,1
7/3/2019,GRE29,2,4,0,100,Yes,CIAR,Cirsium arvense,3,10
7/3/2019,GRE29,2,4,0,100,Yes,ERST,Erigeron strigosus,1,27
7/3/2019,GRE29,2,4,0,100,Yes,RAPI,Ratibida pinnata,3,5
7/3/2019,GRE29,2,5,1,95,Yes,CIAR,Cirsium arvense,5,8
7/3/2019,GRE29,2,5,1,95,Yes,ERST,Erigeron strigosus,2,83
7/3/2019,GRE29,3,1,0,100,Yes,RUHI,Rudbeckia hirta,2,4
7/3/2019,GRE29,3,1,0,100,Yes,RAPI,Ratibida pinnata,12,64
7/3/2019,GRE29,3,1,0,100,Yes,CIAR,Cirsium arvense,1,2
7/3/2019,GRE29,3,2,1,70,Yes,,,,
7/3/2019,GRE29,3,3,0,100,Yes,RUHI,Rudbeckia hirta,3,8
7/3/2019,GRE29,3,3,0,100,Yes,CIAR,Cirsium arvense,5,17
7/3/2019,GRE29,3,3,0,100,Yes,ERST,Erigeron strigosus,2,88
7/3/2019,GRE29,3,4,0,75,Yes,,,,
7/3/2019,GRE29,3,5,20,70,Yes,CIAR,Cirsium arvense,10,28
7/3/2019,GRE29,3,5,20,70,Yes,ERST,Erigeron strigosus,3,103
7/3/2019,GRE29,4,1,40,50,Yes,CIAR,Cirsium arvense,11,28
7/3/2019,GRE29,4,1,40,50,Yes,RUHI,Rudbeckia hirta,6,19
7/3/2019,GRE29,4,2,10,75,Yes,CIAR,Cirsium arvense,8,27
7/3/2019,GRE29,4,2,10,75,Yes,RUHI,Rudbeckia hirta,7,33
7/3/2019,GRE29,4,2,10,75,Yes,RAPI,Ratibida pinnata,5,8
7/3/2019,GRE29,4,3,5,65,Yes,CIAR,Cirsium arvense,13,29
7/3/2019,GRE29,4,4,5,90,Yes,CIAR,Cirsium arvense,8,27
7/3/2019,GRE29,4,5,1,95,Yes,CIAR,Cirsium arvense,4,20
7/3/2019,GRE29,4,5,1,95,Yes,RUHI,Rudbeckia hirta,6,18
7/3/2019,GRE29,5,1,0,90,Yes,RUHI,Rudbeckia hirta,8,48
7/3/2019,GRE29,5,2,10,80,Yes,ERST,Erigeron strigosus,1,13
7/3/2019,GRE29,5,2,10,80,Yes,RUHI,Rudbeckia hirta,1,2
7/3/2019,GRE29,5,3,0,85,Yes,CIAR,Cirsium arvense,3,5
7/3/2019,GRE29,5,4,1,95,Yes,,,,
7/3/2019,GRE29,5,5,1,95,Yes,RAPI,Ratibida pinnata,2,9
7/4/2019,PRU,1,1,10,80,Yes,MOFI,Monarda fistulosa,1,20
7/4/2019,PRU,1,2,5,75,Yes,MOFI,Monarda fistulosa,2,228
7/4/2019,PRU,1,2,5,75,Yes,RUHI,Rudbeckia hirta,2,5
7/4/2019,PRU,1,3,20,45,Yes,ECPA,Echinacea paradoxa,1,2
7/4/2019,PRU,1,3,20,45,Yes,RUHI,Rudbeckia hirta,1,1
7/4/2019,PRU,1,3,20,45,Yes,MOFI,Monarda fistulosa,1,96
7/4/2019,PRU,1,4,15,70,Yes,MOFI,Monarda fistulosa,1,120
7/4/2019,PRU,1,5,25,75,Yes,MOFI,Monarda fistulosa,2,492
7/4/2019,PRU,1,5,25,75,Yes,VEST,Verbena stricta,2,80
7/4/2019,PRU,1,5,25,75,Yes,RUHI,Rudbeckia hirta,2,5
7/4/2019,PRU,2,1,30,65,No,MOFI,Monarda fistulosa,1,168
7/4/2019,PRU,2,1,30,65,No,RUHI,Rudbeckia hirta,1,1
7/4/2019,PRU,2,2,40,50,Yes,MOFI,Monarda fistulosa,1,396
7/4/2019,PRU,2,3,15,70,Yes,,,,
7/4/2019,PRU,2,4,25,65,Yes,RUHI,Rudbeckia hirta,1,1
7/4/2019,PRU,2,5,10,75,No,,,,
7/4/2019,PRU,3,1,15,80,Yes,VEST,Verbena stricta,1,13
7/4/2019,PRU,3,2,10,55,Yes,ERYU,Eryngium yuccifolium,1,5
7/4/2019,PRU,3,2,10,55,Yes,MOFI,Monarda fistula,1,228
7/4/2019,PRU,3,2,10,55,Yes,RUHI,Rudbeckia hirta,1,1
7/4/2019,PRU,3,3,25,75,Yes,MOFI,Monarda fistulosa,2,504
7/4/2019,PRU,3,3,25,75,Yes,RUHI,Rudbeckia hirta,1,1
7/4/2019,PRU,3,4,30,60,Yes,,,,
7/4/2019,PRU,3,5,35,50,Yes,RUHI,Rudbeckia hirta,1,1
7/4/2019,PRU,4,1,25,65,No,RUHI,Rudbeckia hirta,1,23
7/4/2019,PRU,4,2,30,70,Yes,HEHE,Heliopsis helianthoides,1,30
7/4/2019,PRU,4,2,30,70,Yes,RUHI,Rudbeckia hirta,1,10
7/4/2019,PRU,4,3,20,50,Yes,,,,
7/4/2019,PRU,4,4,35,60,Yes,ECPU,Echinacea purpurea,1,5
7/4/2019,PRU,4,4,35,60,Yes,RUHI,Rudbeckia hirta,3,8
7/4/2019,PRU,4,4,35,60,Yes,PEDI,Penstemon digitalis,1,2
7/4/2019,PRU,4,5,10,90,Yes,ECPU,Echinacea purpurea,1,3
7/4/2019,PRU,4,5,10,90,Yes,MOFI,Monarda fistula,1,120
7/4/2019,PRU,5,1,15,75,Yes,MOFI,Monarda fistulosa,1,240
7/4/2019,PRU,5,1,15,75,Yes,RUHI,Rudbeckia hirta,1,2
7/4/2019,PRU,5,1,15,75,Yes,ERST,Erigeron strigosus,1,2
7/4/2019,PRU,5,2,25,70,Yes,DRAR,Drymocallis arguta,2,7
7/4/2019,PRU,5,2,25,70,Yes,MOFI,Monarda fistula,1,516
7/4/2019,PRU,5,2,25,70,Yes,RUHI,Rudbeckia hirta,2,9
7/4/2019,PRU,5,3,40,55,Yes,MOFI,Monarda fistulosa,1,24
7/4/2019,PRU,5,4,20,80,Yes,ERYU,Eryngium yuccifolium,3,59
7/4/2019,PRU,5,4,20,80,Yes,MOFI,Monarda fistula,1,12
7/4/2019,PRU,5,5,30,60,No,ERYU,Eryngium yuccifolium,2,14
7/4/2019,PRU,5,5,30,60,No,MOFI,Monarda fistula,1,12
7/3/2019,ROG,1,1,85,20,Yes,RUHI,Rudbeckia hirta,5,6
7/3/2019,ROG,1,1,85,20,Yes,ECPU,Echinacea purpurea,2,2
7/3/2019,ROG,1,2,40,30,Yes,RUHI,Rudbeckia hirta,3,6
7/3/2019,ROG,1,2,40,30,Yes,HEHE,Heliopsis helianthoides,1,7
7/3/2019,ROG,1,2,40,30,Yes,TAOF,Taraxacum officinale,1,1
7/3/2019,ROG,1,3,40,30,Yes,PEDI,Penstemon digitalis,1,1
7/3/2019,ROG,1,4,10,50,Yes,RUHI,Rudbeckia hirta,3,3
7/3/2019,ROG,1,5,0,40,Yes,ECPU,Echinacea purpurea,3,3
7/3/2019,ROG,2,1,10,30,Yes,HEHE,Heliopsis helianthoides,7,24
7/3/2019,ROG,2,2,10,30,Yes,TAOF,Taraxacum officinale,1,1
7/3/2019,ROG,2,3,0,40,Yes,RUHI,Rudbeckia hirta,2,2
7/3/2019,ROG,2,3,0,40,Yes,ECPU,Echinacea purpurea,1,1
7/3/2019,ROG,2,4,20,35,Yes,HEHE,Heliopsis helianthoides,3,6
7/3/2019,ROG,2,5,30,40,Yes,,,,
7/3/2019,ROG,3,1,10,45,yes,,,,
7/3/2019,ROG,3,2,5,40,Yes,,,,
7/3/2019,ROG,3,3,5,45,Yes,,,,
7/3/2019,ROG,3,4,10,35,Yes,,,,
7/3/2019,ROG,3,5,10,30,Yes,ERST,Erigeron strigosus,9,180
7/3/2019,ROG,4,1,20,40,Yes,,,,
7/3/2019,ROG,4,2,5,45,Yes,RUHI,Rudbeckia hirta,2,2
7/3/2019,ROG,4,3,5,40,Yes,,,,
7/3/2019,ROG,4,4,20,30,Yes,RUHI,Rudbeckia hirta,1,1
7/3/2019,ROG,4,5,20,45,Yes,RUHI,Rudbeckia hirta,3,5
7/3/2019,ROG,4,5,20,45,Yes,HEHE,Heliopsis helianthoides,2,4
7/3/2019,ROG,5,1,20,35,Yes,ECPU,Echinacea purpurea,2,2
7/3/2019,ROG,5,2,40,40,Yes,RUHI,Rudbeckia hirta,2,3
7/3/2019,ROG,5,3,20,30,Yes,RUHI,Rudbeckia hirta,4,4
7/3/2019,ROG,5,4,10,30,Yes,,,,
7/3/2019,ROG,5,5,0,20,Yes,,,,
7/8/2019,GRE21,1,1,10,80,Yes,RUHI,Rudbeckia hirta,2,4
7/8/2019,GRE21,1,2,25,70,Yes,RUHI,Rudbeckia hirta,2,4
7/8/2019,GRE21,1,3,20,75,Yes,,,,
7/8/2019,GRE21,1,4,25,60,Yes,RUHI,Rudbeckia hirta,5,15
7/8/2019,GRE21,1,5,10,80,Yes,RUHI,Rudbeckia hirta,3,13
7/8/2019,GRE21,1,5,10,80,Yes,ERST,Erigeron strigosus,1,9
7/8/2019,GRE21,2,1,10,85,Yes,,,,
7/8/2019,GRE21,2,2,10,70,Yes,ERST,Erigeron strigosus,1,6
7/8/2019,GRE21,2,3,10,70,Yes,,,,
7/8/2019,GRE21,2,4,10,60,Yes,,,,
7/8/2019,GRE21,2,5,20,60,Yes,,,,
7/8/2019,GRE21,3,1,35,45,No,,,,
7/8/2019,GRE21,3,2,10,85,Yes,,,,
7/8/2019,GRE21,3,3,10,85,Yes,RUHI,Rudbeckia hirta,1,1
7/8/2019,GRE21,3,4,0,90,Yes,,,,
7/8/2019,GRE21,3,5,15,65,Yes,RUHI,Rudbeckia hirta,1,1
7/8/2019,GRE21,4,1,25,70,Yes,RUHI,Rudbeckia hirta,5,20
7/8/2019,GRE21,4,2,10,70,Yes,,,,
7/8/2019,GRE21,4,3,20,40,Yes,,,,
7/8/2019,GRE21,4,4,15,80,Yes,,,,
7/8/2019,GRE21,4,5,35,60,Yes,,,,
7/8/2019,GRE21,5,1,0,95,Yes,,,,
7/8/2019,GRE21,5,2,5,90,Yes,,,,
7/8/2019,GRE21,5,3,20,75,Yes,ERST,Erigeron strigosus,1,7
7/8/2019,GRE21,5,4,0,95,Yes,RAPI,Ratibida pinnata,1,1
7/8/2019,GRE21,5,5,5,90,Yes,,,,
7/5/2019,TEN20,1,1,25,75,No,,,,
7/5/2019,TEN20,1,2,30,70,No,,,,
7/5/2019,TEN20,1,3,25,70,No,,,,
7/5/2019,TEN20,1,4,30,70,Yes,,,,
7/5/2019,TEN20,1,5,15,80,Yes,,,,
7/5/2019,TEN20,2,1,10,85,No,RUHI,Rudbeckia hirta,1,7
7/5/2019,TEN20,2,2,25,75,Yes,ERST,Erigeron strigosus,12,559
7/5/2019,TEN20,2,2,25,75,Yes,RUHI,Rudbeckia hirta,7,37
7/5/2019,TEN20,2,3,30,70,Yes,ERST,Erigeron strigosus,4,52
7/5/2019,TEN20,2,3,30,70,Yes,RUHI,Rudbeckia hirta,3,4
7/5/2019,TEN20,2,4,35,65,No,RUHI,Rudbeckia hirta,1,3
7/5/2019,TEN20,2,5,35,65,No,RUHI,Rudbeckia hirta,3,6
7/5/2019,TEN20,3,1,40,50,Yes,,,,
7/5/2019,TEN20,3,2,35,65,Yes,RUHI,Rudbeckia hirta,7,38
7/5/2019,TEN20,3,2,35,65,Yes,ERST,Erigeron strigosus,1,22
7/5/2019,TEN20,3,3,45,55,Yes,RAPI,Ratibida pinnata,1,3
7/5/2019,TEN20,3,4,50,50,Yes,ERST,Erigeron strigosus,2,48
7/5/2019,TEN20,3,4,50,50,Yes,RUHI,Rudbeckia hirta,1,1
7/5/2019,TEN20,3,5,35,65,Yes,RUHI,Rudbeckia hirta,2,25
7/5/2019,TEN20,3,5,35,65,Yes,RAPI,Ratibida pinnata,3,7
7/5/2019,TEN20,4,1,60,40,Yes,ERST,Erigeron strigosus,4,122
7/5/2019,TEN20,4,1,60,40,Yes,RAPI,Ratibida pinnata,1,6
7/5/2019,TEN20,4,1,60,40,Yes,MOFI,Monarda fistulosa,1,276
7/5/2019,TEN20,4,2,55,45,Yes,ERST,Erigeron strigosus,1,14
7/5/2019,TEN20,4,2,55,45,Yes,RUHI,Rudbeckia hirta,5,12
7/5/2019,TEN20,4,3,65,35,Yes,,,,
7/5/2019,TEN20,4,4,25,75,Yes,ERYU,Erngium yuccifolium,1,1
7/5/2019,TEN20,4,5,30,70,Yes,RUHI,Rudbeckia hirta,7,50
7/5/2019,TEN20,4,5,30,70,Yes,ERST,Erigeron strigosus,1,7
7/5/2019,TEN20,5,1,20,70,Yes,MOFI,Monarda fistulosa,1,24
7/5/2019,TEN20,5,1,20,70,Yes,ERST,Erigeron strigosus,6,90
7/5/2019,TEN20,5,2,10,80,Yes,ERST,Erigeron strigosus,12,219
7/5/2019,TEN20,5,2,10,80,Yes,RAPI,Ratibida pinnata,1,3
7/5/2019,TEN20,5,3,35,65,Yes,ERST,Erigeron strigosus,2,17
7/5/2019,TEN20,5,4,30,70,No,RAPI,Ratibida pinnata,1,1
7/5/2019,TEN20,5,5,25,75,No,MOFI,Monarda fistulosa,1,156
7/5/2019,TEN20,5,5,25,75,No,RAPI,Ratibida pinnata,2,14
7/4/2019,TOB,1,1,10,80,Yes,ERST,Erigeron strigosus,2,18
7/4/2019,TOB,1,2,5,90,Yes,ERST,Erigeron strigosus,1,33
7/4/2019,TOB,1,2,5,90,Yes,PYVI,Pycanthemum virginianum,8,222
7/4/2019,TOB,1,3,1,80,Yes,PYVI,Pycanthemum virginianum,7,167
7/4/2019,TOB,1,3,1,80,Yes,RAPI,Ratibida pinnata,5,9
7/4/2019,TOB,1,4,25,75,Yes,MEAL,Melilotus albus,1,79
7/4/2019,TOB,1,5,1,85,Yes,ERST,Erigeron strigosus,1,51
7/4/2019,TOB,1,5,1,85,Yes,PYVI,Pycanthemum virginianum,1,26
7/4/2019,TOB,1,5,1,85,Yes,MOFI,Monarda fistulosa,1,14
7/4/2019,TOB,2,1,50,40,Yes,,,,
7/4/2019,TOB,2,2,50,40,Yes,MOFI,Monarda fistulosa,1,10
7/4/2019,TOB,2,2,50,40,Yes,TRPR,Trifolium pratense,2,300
7/4/2019,TOB,2,3,10,80,Yes,TRPR,Trifolium pratense,1,20
7/4/2019,TOB,2,4,1,70,Yes,MEAL,Melilotus albus,5,408
7/4/2019,TOB,2,4,1,70,Yes,TRPR,Trifolium pratense,1,100
7/4/2019,TOB,2,4,1,70,Yes,TRPR,Trifolium pratense,1,1
7/4/2019,TOB,2,5,1,95,Yes,TRPR,Trifolium pratense,4,400
7/4/2019,TOB,2,5,1,95,Yes,SOAS,Sonchus asper,1,1
7/4/2019,TOB,3,1,20,80,Yes,TRPR,Trifolium pratense,1,20
7/4/2019,TOB,3,1,20,80,Yes,PYVI,Pycanthemum virginianum,2,12
7/4/2019,TOB,3,2,5,35,Yes,TRPR,Trifolium pratense,2,460
7/4/2019,TOB,3,2,5,35,Yes,MEAL,Melilotus albus,1,432
7/4/2019,TOB,3,3,35,60,Yes,,,,
7/4/2019,TOB,3,4,20,70,Yes,TRPR,Trifolium pratense,3,460
7/4/2019,TOB,3,4,20,70,Yes,PYVI,Pycanthemum virginianum,4,138
7/4/2019,TOB,3,5,40,30,Yes,,,,
7/4/2019,TOB,4,1,30,30,Yes,TRPR,Trifolium pratense,1,120
7/4/2019,TOB,4,2,20,60,Yes,RAPI,Ratibida pinnata,2,2
7/4/2019,TOB,4,3,10,50,Yes,TRPR,Trifolium pratense,2,200
7/4/2019,TOB,4,3,10,50,Yes,PYVI,Pycanthemum virginianum,6,169
7/4/2019,TOB,4,4,15,40,Yes,TRPR,Trifolium pratense,1,20
7/4/2019,TOB,4,5,10,60,Yes,TRPR,Trifolium pratense,1,480
7/4/2019,TOB,4,5,10,60,Yes,TROH,Tradescantia ohiensis,1,2
7/4/2019,TOB,5,1,30,20,Yes,ERST,Erigeron strigosus,1,29
7/4/2019,TOB,5,1,30,20,Yes,TRPR,Trifolium pratense,1,100
7/4/2019,TOB,5,1,30,20,Yes,MEAL,Melilotus albus,2,168
7/4/2019,TOB,5,2,5,30,Yes,PYVI,Pycanthemum virginianum,7,165
7/4/2019,TOB,5,3,10,60,Yes,ERST,Erigeron strigosus,5,32
7/4/2019,TOB,5,3,10,60,Yes,PYVI,Pycanthemum virginianum,1,128
7/4/2019,TOB,5,4,25,45,Yes,,,,
7/4/2019,TOB,5,5,50,10,Yes,ERST,Erigeron strigosus,1,10
7/3/2019,LEW,1,1,40,20,No,RUHI,Rudbeckia hirta,1,1
7/3/2019,LEW,1,2,15,3,No,,,,
7/3/2019,LEW,1,3,20,10,No,,,,
7/3/2019,LEW,1,4,20,25,No,,,,
7/3/2019,LEW,1,5,25,25,Yes,,,,
7/3/2019,LEW,2,1,50,5,No,,,,
7/3/2019,LEW,2,2,40,40,No,,,,
7/3/2019,LEW,2,3,35,15,No,,,,
7/3/2019,LEW,2,4,40,10,No,,,,
7/3/2019,LEW,2,5,25,20,No,,,,
7/3/2019,LEW,3,1,15,20,No,RUHI,Rudbeckia hirta,1,1
7/3/2019,LEW,3,2,10,10,No,,,,
7/3/2019,LEW,3,3,25,35,No,,,,
7/3/2019,LEW,3,4,40,45,No,COLA,Coreopsis lanceolata,1,2
7/3/2019,LEW,3,5,15,25,No,,,,
7/3/2019,LEW,4,1,30,25,No,,,,
7/3/2019,LEW,4,2,25,15,No,RUHI,Rudbeckia hirta,1,1
7/3/2019,LEW,4,3,15,10,No,,,,
7/3/2019,LEW,4,4,10,5,No,,,,
7/3/2019,LEW,4,5,45,30,No,HITR,Hibiscus trinum,1,1
7/3/2019,LEW,4,5,45,30,No,RUHI,Rudbeckia hirta,1,1
7/3/2019,LEW,5,1,75,25,No,HITR,Hibiscus trinum,2,2
7/3/2019,LEW,5,2,10,20,No,,,,
7/3/2019,LEW,5,3,10,10,No,,,,
7/3/2019,LEW,5,4,20,25,No,,,,
7/3/2019,LEW,5,5,20,25,No,,,,
7/5/2019,BEH,1,1,5,90,Yes,TRPR,Trifolium pratense,4,480
7/5/2019,BEH,1,2,1,95,Yes,TRPR,Trifolium pratense,4,320
7/5/2019,BEH,1,2,1,95,Yes,MEAL,Melilotus albus,3,624
7/5/2019,BEH,1,2,1,95,Yes,ERAN,Erigeron annus,2,37
7/5/2019,BEH,1,3,0,100,Yes,TRPR,Trifolium pratense,3,600
7/5/2019,BEH,1,3,0,100,Yes,ERST,Erigeron strigosus,1,10
7/5/2019,BEH,1,3,0,100,Yes,RAPI,Ratibida pinnata,6,15
7/5/2019,BEH,1,4,1,95,Yes,TRPR,Trifolium pratense,3,460
7/5/2019,BEH,1,4,1,95,Yes,RAPI,Ratibida pinnata,1,1
7/5/2019,BEH,1,5,1,95,Yes,TRPR,Trifolium pratense,4,740
7/5/2019,BEH,1,5,1,95,Yes,ERST,Erigeron strigosus,1,19
7/5/2019,BEH,1,5,1,95,Yes,PYVI,Pycnanthemum virginianum,34,1190
7/5/2019,BEH,1,5,1,95,Yes,RUHI,Rudbeckia hirta,1,3
7/5/2019,BEH,1,5,1,95,Yes,MEAL,Melilotus albus,1,288
7/5/2019,BEH,2,1,1,95,Yes,TRPR,Trifolium pratense,1,460
7/5/2019,BEH,2,1,1,95,Yes,RAPI,Ratibida pinnata,8,9
7/5/2019,BEH,2,1,1,95,Yes,MOFI,Monarda fistulosa,13,260
7/5/2019,BEH,2,1,1,95,Yes,ERST,Erigeron strigosus,1,22
7/5/2019,BEH,2,1,1,95,Yes,RUHI,Rudbeckia hirta,3,5
7/5/2019,BEH,2,2,1,8,Yes,TRPR,Trifolium pratense,1,200
7/5/2019,BEH,2,2,1,8,Yes,ERAN,Erigeron annus,6,106
7/5/2019,BEH,2,2,1,8,Yes,RUHI,Rudbeckia hirta,3,4
7/5/2019,BEH,2,3,1,70,Yes,TRPR,Trifolium pratense,1,160
7/5/2019,BEH,2,3,1,70,Yes,RUHI,Rudbeckia hirta,1,1
7/5/2019,BEH,2,4,1,65,Yes,RAPI,Ratibida pinnata,1,1
7/5/2019,BEH,2,4,1,65,Yes,ASSY,Asclepias syriaca,1,13
7/5/2019,BEH,2,5,1,80,Yes,TRPR,Trifolium pratense,3,380
7/5/2019,BEH,2,5,1,80,Yes,RAPI,Ratibida pinnata,1,2
7/5/2019,BEH,3,1,10,85,Yes,TRPR,Trifolium pratense,2,460
7/5/2019,BEH,3,1,10,85,Yes,RAPI,Ratibida pinnata,7,11
7/5/2019,BEH,3,1,10,85,Yes,ASSY,Asclepias syriaca,1,27
7/5/2019,BEH,3,2,1,95,Yes,TRPR,Trifolium pratense,3,760
7/5/2019,BEH,3,3,1,95,Yes,MEAL,Melilotus albus,2,432
7/5/2019,BEH,3,3,1,95,Yes,ASSY,Asclepias syriaca,1,69
7/5/2019,BEH,3,3,1,95,Yes,RUHI,Rudbeckia hirta,1,1
7/5/2019,BEH,3,3,1,95,Yes,TRPR,Trifolium pratense,1,100
7/5/2019,BEH,3,4,1,90,Yes,ERST,Erigeron strigosus,2,9
7/5/2019,BEH,3,4,1,90,Yes,TRPR,Trifolium pratense,1,40
7/5/2019,BEH,3,5,0,100,Yes,RUHI,Rudbeckia hirta,1,1
7/5/2019,BEH,3,5,0,100,Yes,ERST,Erigeron strigosus,1,11
7/5/2019,BEH,3,5,0,100,Yes,TRPR,Trifolium pratense,7,1580
7/5/2019,BEH,4,1,0,100,Yes,ERST,Erigeron strigosus,1,10
7/5/2019,BEH,4,1,0,100,Yes,MEAL,Melilotus albus,1,120
7/5/2019,BEH,4,1,0,100,Yes,TRPR,Trifolium pratense,2,160
7/5/2019,BEH,4,2,0,100,Yes,TRPR,Trifolium pratense,3,1980
7/5/2019,BEH,4,3,1,95,Yes,TRPR,Trifolium pratense,2,800
7/5/2019,BEH,4,4,5,95,yes,MEAL,Melilotus albus,2,324
7/5/2019,BEH,4,4,5,95,yes,TRPR,Trifolium pratense,3,340
7/5/2019,BEH,4,5,5,90,Yes,RUHI,Rudbeckia hirta,2,3
7/5/2019,BEH,4,5,5,90,Yes,ERST,Erigeron strigosus,3,28
7/5/2019,BEH,4,5,5,90,Yes,TRPR,Trifolium pratense,3,660
7/5/2019,BEH,5,1,1,95,Yes,TRPR,Trifolium pratense,4,1100
7/5/2019,BEH,5,1,1,95,Yes,RUHI,Rudbeckia hirta,1,1
7/5/2019,BEH,5,2,0,100,Yes,ERST,Erigeron strigosus,1,5
7/5/2019,BEH,5,3,1,90,Yes,TRPR,Trifolium pratense,1,200
7/5/2019,BEH,5,3,1,90,Yes,ERST,Erigeron strigosus,6,88
7/5/2019,BEH,5,4,10,85,Yes,TRPR,Trifolium pratense,2,60
7/5/2019,BEH,5,4,10,85,Yes,ERST,Erigeron strigosus,3,30
7/5/2019,BEH,5,5,10,70,Yes,ERST,Erigeron strigosus,4,71
7/5/2019,BEH,5,5,10,70,Yes,TRPR,Trifolium pratense,2,220
7/7/2019,GLAZIK,1,1,0,80,Yes,,,,
7/7/2019,GLAZIK,1,2,1,75,Yes,MOFI,Monarda fistulosa,1,71
7/7/2019,GLAZIK,1,2,1,75,Yes,ERST,Erigeron strigosus,1,49
7/7/2019,GLAZIK,1,3,0,85,Yes,RAPI,Ratibida pinnata,1,1
7/7/2019,GLAZIK,1,4,0,55,Yes,,,,
7/7/2019,GLAZIK,1,5,0,85,Yes,ASSY,Asclepias syriaca,5,300
7/7/2019,GLAZIK,2,1,1,80,Yes,,,,
7/7/2019,GLAZIK,2,2,0,65,Yes,ERST,Erigeron strigosus,7,229
7/7/2019,GLAZIK,2,2,0,65,Yes,RAPI,Ratibida pinnata,1,1
7/7/2019,GLAZIK,2,2,0,65,Yes,RUHI,Rudbeckia hirta,3,5
7/7/2019,GLAZIK,2,2,0,65,Yes,FRVI,Fragaria virginiana,1,49
7/7/2019,GLAZIK,2,3,0,85,Yes,,,,
7/7/2019,GLAZIK,2,4,0,60,Yes,MOFI,Monarda fistulosa,1,21
7/7/2019,GLAZIK,2,5,0,55,Yes,MOFI,Monarda fistulosa,1,55
7/7/2019,GLAZIK,3,1,0,85,Yes,RAPI,Ratibida pinnata,11,17
7/7/2019,GLAZIK,3,2,0,95,Yes,RAPI,Ratibida pinnata,5,5
7/7/2019,GLAZIK,3,3,0,85,Yes,,,,
7/7/2019,GLAZIK,3,4,0,90,Yes,RAPI,Ratibida pinnata,2,10
7/7/2019,GLAZIK,3,4,0,90,Yes,MOFI,Monarda fistulosa,10,159
7/7/2019,GLAZIK,3,5,0,99,Yes,MOFI,Monarda fistulosa,9,201
7/7/2019,GLAZIK,4,1,0,80,Yes,RUHI,Rudbeckia hirta,1,1
7/7/2019,GLAZIK,4,2,0,99,Yes,RAPI,Ratibida pinnata,5,5
7/7/2019,GLAZIK,4,3,1,85,Yes,,,,
7/7/2019,GLAZIK,4,4,0,75,Yes,ERST,Erigeron strigosus,1,140
7/7/2019,GLAZIK,4,4,0,75,Yes,CIAR,Cirsium arvense,1,2
7/7/2019,GLAZIK,4,5,0,75,Yes,RUHI,Rudbeckia hirta,1,1
7/7/2019,GLAZIK,4,5,0,75,Yes,ECPU,Echinacea purpurea,1,1
7/7/2019,GLAZIK,5,1,0,70,Yes,,,,
7/7/2019,GLAZIK,5,2,0,65,Yes,,,,
7/7/2019,GLAZIK,5,3,0,60,Yes,,,,
7/7/2019,GLAZIK,5,4,0,75,Yes,,,,
7/7/2019,GLAZIK,5,5,0,80,Yes,RUHI,Rudbeckia hirta,1,3
7/7/2019,GLAZIK,5,5,0,80,Yes,ACMI,Achillea millefolium,1,69
8/7/2019,TOB,1,1,1,70,Yes,CHFA,Chamaecrista fasciculata,16,67
8/7/2019,TOB,1,1,1,70,Yes,RAPI,Ratibida pinnata,1,3
8/7/2019,TOB,1,2,10,75,Yes,CHFA,Chamaecrista fasciculata,20,61
8/7/2019,TOB,1,3,30,60,Yes,TRPR,Trifolium pratense,1,4
8/7/2019,TOB,1,4,45,50,Yes,CHFA,Chamaecrista fasciculata,24,57
8/7/2019,TOB,1,4,45,50,Yes,CHFA,Chamaecrista fasciculata,6,10
8/7/2019,TOB,1,5,45,45,Yes,CHFA,Chamaecrista fasciculata,1,1
8/7/2019,TOB,2,1,60,35,Yes,,,,
8/7/2019,TOB,2,2,5,95,Yes,TRPR,Trifolium pratense,2,9
8/7/2019,TOB,2,2,5,95,Yes,CHFA,Chamaecrista fasciculata,4,6
8/7/2019,TOB,2,2,5,95,Yes,SYLA,Symphyotrichum laeve,1,1
8/7/2019,TOB,2,3,25,75,Yes,SORI,Solidago rigida,2,13
8/7/2019,TOB,2,4,10,50,Yes,CHFA,Chamaecrista fasciculata,3,5
8/7/2019,TOB,2,4,10,50,Yes,TRPR,Trifolium pratense,1,3
8/7/2019,TOB,2,5,1,95,Yes,RAPI,Ratibida pinnata,2,6
8/7/2019,TOB,2,5,1,95,Yes,TRPR,Trifolium pratense,1,4
8/7/2019,TOB,3,1,35,65,Yes,RAPI,Ratibida pinnata,2,2
8/7/2019,TOB,3,1,35,65,Yes,CHFA,Chamaecrista fasciculata,24,66
8/7/2019,TOB,3,2,1,90,Yes,TRPR,Trifolium pratense,4,16
8/7/2019,TOB,3,2,1,90,Yes,RUHI,Rudbeckia hirta,3,4
8/7/2019,TOB,3,2,1,90,Yes,CHFA,Chamaecrista fasciculata,2,3
8/7/2019,TOB,3,3,40,60,Yes,TRPR,Trifolium pratense,1,1
8/7/2019,TOB,3,4,35,55,Yes,RAPI,Ratibida pinnata,1,1
8/7/2019,TOB,3,4,35,55,Yes,TRPR,Trifolium pratense,1,1
8/7/2019,TOB,3,5,50,40,Yes,,,,
8/7/2019,TOB,4,1,10,75,Yes,TRPR,Trifolium pratense,1,2
8/7/2019,TOB,4,2,50,50,Yes,CHFA,Chamaecrista fasciculata,1,7
8/7/2019,TOB,4,2,50,50,Yes,RAPI,Ratibida pinnata,2,2
8/7/2019,TOB,4,3,5,80,Yes,TRPR,Trifolium pratense,2,3
8/7/2019,TOB,4,4,5,90,Yes,TRPR,Trifolium pratense,1,2
8/7/2019,TOB,4,5,20,80,Yes,TRPR,Trifolium pratense,2,3
8/7/2019,TOB,4,5,20,80,Yes,CHFA,Chamaecrista fasciculata,7,11
8/7/2019,TOB,4,5,20,80,Yes,SORI,Solidago rigida,25,680
8/7/2019,TOB,5,1,75,20,Yes,TRPR,Trifolium pratense,1,2
8/7/2019,TOB,5,1,75,20,Yes,CHFA,Chamaecrista fasciculata,3,12
8/7/2019,TOB,5,2,25,70,Yes,PYTE,Pycnanthemum tenuifolium,29,761
8/7/2019,TOB,5,3,15,70,Yes,RAPI,Ratibida pinnata,2,3
8/7/2019,TOB,5,4,20,70,Yes,TRPR,Trifolium pratense,1,1
8/7/2019,TOB,5,5,5,60,Yes,CHFA,Chamaecrista fasciculata,37,83
8/2/2019,ROG,1,1,30,60,Yes,,,,
8/2/2019,ROG,1,2,60,30,Yes,RUHI,Rudbeckia hirta,1,1
8/2/2019,ROG,1,3,10,40,Yes,,,,
8/2/2019,ROG,1,4,15,25,Yes,DACA,Daucus carota,1,990
8/2/2019,ROG,1,4,15,25,Yes,RUHI,Rudbeckia hirta,1,1
8/2/2019,ROG,1,5,20,40,Yes,,,,
8/2/2019,ROG,2,1,25,50,Yes,ECPU,Echinacea purpurea,3,4
8/2/2019,ROG,2,2,25,50,Yes,ECPU,Echinacea purpurea,6,6
8/2/2019,ROG,2,2,25,50,Yes,VEHE,Verbesina helianthoides,4,4
8/2/2019,ROG,2,3,5,45,Yes,DACA,Daucus carota,5,3240
8/2/2019,ROG,2,4,30,30,Yes,,,,
8/2/2019,ROG,2,5,70,30,Yes,,,,
8/2/2019,ROG,3,1,10,35,Yes,,,,
8/2/2019,ROG,3,2,10,35,Yes,ERST,Erigeron strigosus,4,88
8/2/2019,ROG,3,3,5,40,Yes,,,,
8/2/2019,ROG,3,4,5,35,Yes,,,,
8/2/2019,ROG,3,5,5,45,Yes,RAPI,Ratibida pinnata,13,23
8/2/2019,ROG,4,1,40,30,Yes,ECPU,Echinacea purpurea,1,1
8/2/2019,ROG,4,2,15,40,Yes,ECPU,Echinacea purpurea,3,5
8/2/2019,ROG,4,3,5,35,Yes,RUHI,Rudbeckia hirta,2,3
8/2/2019,ROG,4,3,5,35,Yes,RUTR,Rudbeckia triloba,4,14
8/2/2019,ROG,4,4,50,30,Yes,,,,
8/2/2019,ROG,4,5,40,35,Yes,RUHI,Rudbeckia hirta,2,3
8/2/2019,ROG,5,1,40,40,Yes,,,,
8/2/2019,ROG,5,2,40,30,Yes,MOFI,Monarda fistulosa,3,7
8/2/2019,ROG,5,2,40,30,Yes,ECPU,Echinacea purpurea,1,1
8/2/2019,ROG,5,3,5,85,Yes,RUTR,Rudbeckia triloba,1,1
8/2/2019,ROG,5,4,5,45,Yes,,,,
8/2/2019,ROG,5,5,20,45,Yes,DACA,Daucus carota,1,630
8/2/2019,LEW,1,1,40,40,Yes,RUHI,Rudbeckia hirta,2,40
8/2/2019,LEW,1,1,40,40,Yes,COLA,Coreopsis lanceolata,1,1
8/2/2019,LEW,1,1,40,40,Yes,IPHE,Ipomoea hederacea,1,1
8/2/2019,LEW,1,2,25,45,Yes,RUHI,Rudbeckia hirta,1,2
8/2/2019,LEW,1,2,25,40,Yes,HEHE,Heliopsis helianthoides,1,7
8/2/2019,LEW,1,3,15,45,Yes,RUHI,Rudbeckia hirta,3,38
8/2/2019,LEW,1,4,30,50,Yes,RUHI,Rudbeckia hirta,4,57
8/2/2019,LEW,1,5,10,30,Yes,RUHI,Rudbeckia hirta,1,2
8/2/2019,LEW,2,1,20,50,Yes,RUHI,Rudbeckia hirta,2,21
8/2/2019,LEW,2,2,35,50,Yes,RUHI,Rudbeckia hirta,1,1
8/2/2019,LEW,2,2,35,50,Yes,IPHE,Ipomoea hederacea,1,1
8/2/2019,LEW,2,3,25,60,Yes,RUHI,Rudbeckia hirta,1,17
8/2/2019,LEW,2,3,25,60,Yes,COLA,Coreopsis lanceolata,1,2
8/2/2019,LEW,2,4,5,80,Yes,RUHI,Rudbeckia hirta,2,32
8/2/2019,LEW,2,5,20,30,Yes,RUHI,Rudbeckia hirta,3,18
8/2/2019,LEW,3,1,1,60,Yes,RUHI,Rudbeckia hirta,4,22
8/2/2019,LEW,3,1,1,60,Yes,COTI,Coreopsis tinctoria,1,31
8/2/2019,LEW,3,1,1,60,Yes,IPHE,Ipomoea hederacea,1,1
8/2/2019,LEW,3,2,5,70,Yes,RUHI,Rudbeckia hirta,3,18
8/2/2019,LEW,3,3,5,60,Yes,RUHI,Rudbeckia hirta,1,1
8/2/2019,LEW,3,3,5,60,Yes,DACA,Daucus carota,1,5
8/2/2019,LEW,3,4,35,40,Yes,RUHI,Rudbeckia hirta,1,31
8/2/2019,LEW,3,4,35,40,Yes,IPHE,Ipomoea hederacea,1,3
8/2/2019,LEW,3,5,15,55,Yes,RUHI,Rudbeckia hirta,2,49
8/2/2019,LEW,4,1,1,40,Yes,IPHE,Ipomoea hederacea,1,2
8/2/2019,LEW,4,2,5,45,Yes,RUHI,Rudbeckia hirta,1,26
8/2/2019,LEW,4,2,5,45,Yes,IPHE,Ipomoea hederacea,1,4
8/2/2019,LEW,4,3,1,40,Yes,RUHI,Rudbeckia hirta,2,7
8/2/2019,LEW,4,4,10,35,Yes,RUHI,Rudbeckia hirta,1,4
8/2/2019,LEW,4,5,10,50,Yes,RUHI,Rudbeckia hirta,3,23
8/2/2019,LEW,4,5,10,50,Yes,IPHE,Ipomoea hederacea,1,3
8/2/2019,LEW,5,1,1,70,Yes,RUHI,Rudbeckia hirta,1,53
8/2/2019,LEW,5,2,80,10,Yes,RUHI,Rudbeckia hirta,1,15
8/2/2019,LEW,5,2,80,10,Yes,HITR,Hibiscus trionum,1,3
8/2/2019,LEW,5,3,85,10,Yes,RUHI,Rudbeckia hirta,1,4
8/2/2019,LEW,5,4,50,20,Yes,,,,
8/2/2019,LEW,5,5,65,15,Yes,RUHI,Rudbeckia hirta,1,42
8/2/2019,LEW,5,5,65,15,Yes,VEST,Verbena stricta,1,7
8/8/2019,BEH,1,1,5,95,Yes,,,,
8/8/2019,BEH,1,2,10,90,Yes,,,,
8/8/2019,BEH,1,3,5,80,Yes,RAPI,Ratibida pinnata,2,2
8/8/2019,BEH,1,4,1,85,Yes,CHFA,Chamaecrista fasciculata,2,6
8/8/2019,BEH,1,5,1,90,Yes,CHFA,Chamaecrista fasciculata,1,6
8/8/2019,BEH,1,5,1,90,Yes,RAPI,Ratibida pinnata,2,2
8/8/2019,BEH,2,1,10,90,Yes,RAPI,Ratibida pinnata,1,2
8/8/2019,BEH,2,2,1,85,Yes,,,,
8/8/2019,BEH,2,3,10,75,Yes,,,,
8/8/2019,BEH,2,4,5,70,Yes,CHFA,Chamaecrista fasciculata,8,25
8/8/2019,BEH,2,4,5,70,Yes,RAPI,Ratibida pinnata,2,2
8/8/2019,BEH,2,5,1,50,Yes,CHFA,Chamaecrista fasciculata,9,52
8/8/2019,BEH,3,1,1,55,Yes,CHFA,Chamaecrista fasciculata,1,3
8/8/2019,BEH,3,2,1,75,Yes,TRPR,Trifolium pratense,1,1
8/8/2019,BEH,3,3,1,85,Yes,MEAL,Melilotus albus,2,504
8/8/2019,BEH,3,3,1,85,Yes,TRPR,Trifolium pratense,1,1
8/8/2019,BEH,3,4,1,90,Yes,CHFA,Chamaecrista fasciculata,2,6
8/8/2019,BEH,3,5,1,75,Yes,CHFA,Chamaecrista fasciculata,7,28
8/8/2019,BEH,4,1,1,55,Yes,CHFA,Chamaecrista fasciculata,1,3
8/8/2019,BEH,4,2,10,90,Yes,,,,
8/8/2019,BEH,4,3,10,90,Yes,,,,
8/8/2019,BEH,4,4,20,75,Yes,CASE,Calystegia sepium,1,1
8/8/2019,BEH,4,4,20,75,Yes,TRPR,Trifolium pratense,1,1
8/8/2019,BEH,4,5,5,90,Yes,,,,
8/8/2019,BEH,5,1,5,80,Yes,RAPI,Ratibida pinnata,2,2
8/8/2019,BEH,5,1,5,80,Yes,CHFA,Chamaecrista fasciculata,1,9
8/8/2019,BEH,5,2,1,99,Yes,CASE,Calystegia sepium,2,2
8/8/2019,BEH,5,2,1,99,Yes,TRPR,Trifolium pratense,1,1
8/8/2019,BEH,5,3,1,65,Yes,CHFA,Chamaecrista fasciculata,3,9
8/8/2019,BEH,5,4,5,70,Yes,DACA,Daucus carota,3,10000
8/8/2019,BEH,5,5,10,90,Yes,,,,
8/9/2019,GRE29,1,1,0,100,Yes,RUHI,Rudbeckia hirta,1,1
8/9/2019,GRE29,1,2,0,99,Yes,,,,
8/9/2019,GRE29,1,3,5,80,Yes,CIAR,Cirsium arvense,1,1
8/9/2019,GRE29,1,4,1,90,Yes,RAPI,Ratibida pinnata,2,12
8/9/2019,GRE29,1,5,0,100,Yes,,,,
8/9/2019,GRE29,2,1,1,95,Yes,CHFA,Chamaecrista fasciculata,28,105
8/9/2019,GRE29,2,2,0,90,Yes,RAPI,Ratibida pinnata,2,6
8/9/2019,GRE29,2,3,1,90,Yes,,,,
8/9/2019,GRE29,2,4,5,75,Yes,HEHE,Heliopsis helianthoides,13,23
8/9/2019,GRE29,2,5,0,100,Yes,CHFA,Chamaecrista fasciculata,1,1
8/9/2019,GRE29,3,1,0,70,Yes,,,,
8/9/2019,GRE29,3,2,1,90,Yes,,,,
8/9/2019,GRE29,3,3,0,95,Yes,CIAR,Cirsium arvense,1,1
8/9/2019,GRE29,3,4,1,90,Yes,,,,
8/9/2019,GRE29,3,5,10,90,Yes,,,,
8/9/2019,GRE29,4,1,1,95,Yes,,,,
8/9/2019,GRE29,4,2,1,99,Yes,,,,
8/9/2019,GRE29,4,3,0,90,Yes,CHFA,Chamaecrista fasciculata,2,2
8/9/2019,GRE29,4,4,1,70,Yes,,,,
8/9/2019,GRE29,4,5,1,80,Yes,,,,
8/9/2019,GRE29,5,1,1,70,Yes,,,,
8/9/2019,GRE29,5,2,0,75,Yes,RUHI,Rudbeckia hirta,1,1
8/9/2019,GRE29,5,2,0,75,Yes,RAPI,Ratibida pinnata,1,1
8/9/2019,GRE29,5,3,0,90,Yes,CIAR,Cirsium arvense,2,2
8/9/2019,GRE29,5,4,1,75,Yes,CHFA,Chamaecrista fasciculata,2,7
8/9/2019,GRE29,5,5,5,80,Yes,CIAR,Cirsium arvense,1,1
8/9/2019,GRE29,5,5,5,80,Yes,CHFA,Chamaecrista fasciculata,20,55
8/14/2019,GLAZIK,1,1,0,50,Yes,,,,
8/14/2019,GLAZIK,1,2,1,55,Yes,DACA,Daucus carota,1,264
8/14/2019,GLAZIK,1,2,1,55,Yes,RAPI,Ratibida pinnata,3,14
8/14/2019,GLAZIK,1,3,1,50,Yes,,,,
8/14/2019,GLAZIK,1,4,1,75,Yes,CASE,Calystegia sepium,1,1
8/14/2019,GLAZIK,1,4,1,75,Yes,RAPI,Ratibida pinnata,1,1
8/14/2019,GLAZIK,1,5,1,80,Yes,SEMA,Senna marilandica,4,34
8/14/2019,GLAZIK,1,5,1,80,Yes,RAPI,Ratibida pinnata,3,6
8/14/2019,GLAZIK,2,1,0,65,Yes,,,,
8/14/2019,GLAZIK,2,2,1,80,Yes,RAPI,Ratibida pinnata,5,18
8/14/2019,GLAZIK,2,3,1,75,Yes,CHFA,Chamaecrista fasciculata,2,4
8/14/2019,GLAZIK,2,3,1,75,Yes,DACA,Daucus carota,1,408
8/14/2019,GLAZIK,2,4,1,60,Yes,,,,
8/14/2019,GLAZIK,2,5,0,55,Yes,,,,
8/14/2019,GLAZIK,3,1,0,60,Yes,CIAR,Cirsium arvense,1,1
8/14/2019,GLAZIK,3,2,1,70,Yes,LACA,Lactuca canadensis,1,4
8/14/2019,GLAZIK,3,3,0,95,Yes,,,,
8/14/2019,GLAZIK,3,4,1,65,Yes,,,,
8/14/2019,GLAZIK,3,5,1,65,Yes,ERST,Erigeron strigosus,2,45
8/14/2019,GLAZIK,4,1,0,70,Yes,,,,
8/14/2019,GLAZIK,4,2,1,70,Yes,RAPI,Ratibida pinnata,1,1
8/14/2019,GLAZIK,4,3,1,60,Yes,,,,
8/14/2019,GLAZIK,4,4,1,60,Yes,RAPI,Ratibida pinnata,1,1
8/14/2019,GLAZIK,4,5,1,65,Yes,,,,
8/14/2019,GLAZIK,5,1,0,90,Yes,,,,
8/14/2019,GLAZIK,5,2,1,75,Yes,SIIN,Silphium integrifolium,1,1
8/14/2019,GLAZIK,5,3,1,90,Yes,,,,
8/14/2019,GLAZIK,5,4,0,90,Yes,RAPI,Ratibida pinnata,1,1
8/14/2019,GLAZIK,5,5,1,75,Yes,RAPI,Ratibida pinnata,4,13
8/9/2019,GRE21,1,1,1,95,Yes,,,,
8/9/2019,GRE21,1,2,5,90,Yes,CHFA,Chamaecrista fasciculata,1,3
8/9/2019,GRE21,1,3,1,95,Yes,CHFA,Chamaecrista fasciculata,1,1
8/9/2019,GRE21,1,4,1,95,Yes,,,,
8/9/2019,GRE21,1,5,1,95,Yes,RAPI,Ratibida pinnata,1,1
8/9/2019,GRE21,2,1,1,85,Yes,,,,
8/9/2019,GRE21,2,2,5,85,Yes,,,,
8/9/2019,GRE21,2,3,15,70,Yes,,,,
8/9/2019,GRE21,2,4,10,75,Yes,CHFA,Chamaecrista fasciculata,5,10
8/9/2019,GRE21,2,5,10,70,Yes,,,,
8/9/2019,GRE21,3,1,5,75,Yes,,,,
8/9/2019,GRE21,3,2,1,85,Yes,,,,
8/9/2019,GRE21,3,3,5,90,Yes,,,,
8/9/2019,GRE21,3,4,30,60,Yes,CHFA,Chamaecrista fasciculata,4,9
8/9/2019,GRE21,3,5,5,90,Yes,,,,
8/9/2019,GRE21,4,1,25,70,Yes,,,,
8/9/2019,GRE21,4,2,20,75,Yes,,,,
8/9/2019,GRE21,4,3,5,90,Yes,,,,
8/9/2019,GRE21,4,4,15,80,Yes,,,,
8/9/2019,GRE21,4,5,10,80,Yes,CHFA,Chamaecrista fasciculata,2,5
8/9/2019,GRE21,5,1,1,75,Yes,,,,
8/9/2019,GRE21,5,2,1,80,Yes,,,,
8/9/2019,GRE21,5,3,1,75,Yes,CHFA,Chamaecrista fasciculata,3,6
8/9/2019,GRE21,5,4,10,80,Yes,,,,
8/9/2019,GRE21,5,5,1,95,Yes,CHFA,Chamaecrista fasciculata,1,2
8/8/2019,TEN20,1,1,60,30,Yes,CHFA,Chamaecrista fasciculata,2,11
8/8/2019,TEN20,1,2,50,45,Yes,,,,
8/8/2019,TEN20,1,3,50,40,Yes,CHFA,Chamaecrista fasciculata,5,18
8/8/2019,TEN20,1,4,55,45,No,CHFA,Chamaecrista fasciculata,3,13
8/8/2019,TEN20,1,5,30,65,Yes,CHFA,Chamaecrista fasciculata,7,22
8/8/2019,TEN20,2,1,65,30,Yes,ERST,Erigeron strigosus,2,14
8/8/2019,TEN20,2,1,65,30,Yes,CHFA,Chamaecrista fasciculata,2,7
8/8/2019,TEN20,2,2,55,40,Yes,SYNO,Symphyotrichum novae-angliae,1,1
8/8/2019,TEN20,2,2,55,40,Yes,ERST,Erigeron strigosus,5,14
8/8/2019,TEN20,2,2,55,40,Yes,CHFA,Chamaecrista fasciculata,3,7
8/8/2019,TEN20,2,3,25,70,Yes,ECPU,Echinacea purpurea,2,2
8/8/2019,TEN20,2,3,25,70,Yes,ERST,Erigeron strigosus,3,9
8/8/2019,TEN20,2,3,25,70,Yes,CHFA,Chamaecrista fasciculata,13,36
8/8/2019,TEN20,2,4,30,60,Yes,SYNO,Symphyotrichum novae-angliae,1,1
8/8/2019,TEN20,2,4,30,60,Yes,CHFA,Chamaecrista fasciculata,8,53
8/8/2019,TEN20,2,5,45,50,Yes,CHFA,Chamaecrista fasciculata,25,73
8/8/2019,TEN20,3,1,50,45,Yes,CHFA,Chamaecrista fasciculata,56,123
8/8/2019,TEN20,3,2,45,50,Yes,CHFA,Chamaecrista fasciculata,37,196
8/8/2019,TEN20,3,3,50,40,Yes,ERYU,Eryngium yuccifolium,1,3
8/8/2019,TEN20,3,3,50,40,Yes,ERST,Erigeron strigosus,3,10
8/8/2019,TEN20,3,3,50,40,Yes,CHFA,Chamaecrista fasciculata,22,96
8/8/2019,TEN20,3,4,35,60,Yes,CHFA,Chamaecrista fasciculata,9,19
8/8/2019,TEN20,3,5,20,70,Yes,CHFA,Chamaecrista fasciculata,11,33
8/8/2019,TEN20,4,1,25,70,Yes,ERYU,Eryngium yuccifolium,1,17
8/8/2019,TEN20,4,1,25,70,Yes,CHFA,Chamaecrista fasciculata,9,37
8/8/2019,TEN20,4,2,10,85,Yes,CHFA,Chamaecrista fasciculata,65,227
8/8/2019,TEN20,4,3,15,75,Yes,DECA,Desmodium canadense,4,25
8/8/2019,TEN20,4,3,15,75,Yes,CHFA,Chamaecrista fasciculata,45,182
8/8/2019,TEN20,4,4,5,90,Yes,CHFA,Chamaecrista fasciculata,77,301
8/8/2019,TEN20,4,5,10,80,Yes,CHFA,Chamaecrista fasciculata,87,324
8/8/2019,TEN20,5,1,5,90,No,ERST,Erigeron strigosus,1,9
8/8/2019,TEN20,5,1,5,90,No,CHFA,Chamaecrista fasciculata,92,366
8/8/2019,TEN20,5,2,5,90,Yes,CHFA,Chamaecrista fasciculata,115,372
8/8/2019,TEN20,5,3,1,95,No,CHFA,Chamaecrista fasciculata,112,323
8/8/2019,TEN20,5,4,1,95,Yes,CHFA,Chamaecrista fasciculata,97,322
8/8/2019,TEN20,5,4,1,95,Yes,RAPI,Ratibida pinnata,1,3
8/8/2019,TEN20,5,5,15,80,Yes,VEST,Verbena stricta,1,1
8/8/2019,TEN20,5,5,15,80,Yes,CHFA,Chamaecrista fasciculata,38,199
8/7/2019,PRU,1,1,15,40,Yes,,,,
8/7/2019,PRU,1,2,1,70,Yes,,,,
8/7/2019,PRU,1,3,5,80,Yes,RUSU,Rudbeckia subtomentosa,6,26
8/7/2019,PRU,1,3,5,80,Yes,ERYU,Eryngium yuccifolium,2,43
8/7/2019,PRU,1,4,10,75,Yes,ALCE,Allium cernuum,2,38
8/7/2019,PRU,1,5,20,70,Yes,,,,
8/7/2019,PRU,2,1,20,75,Yes,RAPI,Ratibida pinnata,1,2
8/7/2019,PRU,2,2,10,75,Yes,VEST,Verbena stricta,1,1
8/7/2019,PRU,2,2,10,75,Yes,RUSU,Rudbeckia subtomentosa,10,11
8/7/2019,PRU,2,3,1,85,Yes,RAPI,Ratibida pinnata,7,17
8/7/2019,PRU,2,4,15,75,Yes,RUSU,Rudbeckia subtomentosa,5,16
8/7/2019,PRU,2,5,1,65,Yes,,,,
8/7/2019,PRU,3,1,10,75,Yes,CHFA,Chamaecrista fasciculata,3,5
8/7/2019,PRU,3,2,1,85,Yes,RUSO,Rudbeckia subtomentosa,4,13
8/7/2019,PRU,3,3,5,60,Yes,ERYU,Eryngium yuccifolium,1,11
8/7/2019,PRU,3,4,25,75,No,ERYU,Eryngium yuccifolium,1,16
8/7/2019,PRU,3,4,25,75,No,RAPI,Ratibida pinnata,1,1
8/7/2019,PRU,3,4,25,75,No,RUSU,Rudbeckia subtomentosa,1,2
8/7/2019,PRU,3,5,20,75,Yes,,,,
8/7/2019,PRU,4,1,15,80,Yes,CHFA,Chamaecrista fasciculata,1,1
8/7/2019,PRU,4,2,10,85,Yes,CHFA,Chamaecrista fasciculata,2,4
8/7/2019,PRU,4,3,30,65,Yes,ERYU,Eryngium yuccifolium,1,195
8/7/2019,PRU,4,4,5,90,Yes,CHFA,Chamaecrista fasciculata,1,2
8/7/2019,PRU,4,5,5,60,Yes,RUSU,Rudbeckia subtomentosa,18,78
8/7/2019,PRU,5,1,1,90,Yes,PYTE,Pycnanthemum tenuifolium,1,3
8/7/2019,PRU,5,1,1,90,Yes,ERYU,Eryngium yuccifolium,1,20
8/7/2019,PRU,5,2,1,85,Yes,ERYU,Eryngium yuccifolium,1,44
8/7/2019,PRU,5,2,1,85,Yes,CHFA,Chamaecrista fasciculata,1,2
8/7/2019,PRU,5,3,20,75,Yes,RUSU,Rudbeckia subtomentosa,21,56
8/7/2019,PRU,5,4,25,70,Yes,RAPI,Ratibida pinnata,2,7
8/7/2019,PRU,5,5,15,80,Yes,RUSU,Rudbeckia subtomentosa,8,30
9/12/2019,GRE21,1,1,5,85,Yes,SOCA,Solidago canadensis,16,658
9/12/2019,GRE21,1,2,10,85,Yes,SOCA,Solidago canadensis,2,66
9/12/2019,GRE21,1,3,5,90,Yes,SOCA,Solidago canadensis,4,43
9/12/2019,GRE21,1,4,20,75,Yes,SOCA,Solidago canadensis,25,435
9/12/2019,GRE21,1,5,25,79,Yes,SOCA,Solidago canadensis,9,86
9/12/2019,GRE21,2,1,20,75,Yes,SOCA,Solidago canadensis,14,251
9/12/2019,GRE21,2,2,5,90,Yes,SOCA,Solidago canadensis,13,371
9/12/2019,GRE21,2,3,15,70,Yes,SOCA,Solidago canadensis,10,64
9/12/2019,GRE21,2,4,25,70,Yes,SOCA,Solidago canadensis,12,186
9/12/2019,GRE21,2,5,10,80,Yes,SOCA,Solidago canadensis,5,242
9/12/2019,GRE21,3,1,30,65,Yes,SOCA,Solidago canadensis,9,157
9/12/2019,GRE21,3,2,35,60,Yes,SOCA,Solidago canadensis,15,288
9/12/2019,GRE21,3,3,15,65,Yes,SOCA,Solidago canadensis,6,58
9/12/2019,GRE21,3,4,20,70,Yes,SOCA,Solidago canadensis,16,487
9/12/2019,GRE21,3,5,5,90,Yes,SOCA,Solidago canadensis,1,29
9/12/2019,GRE21,3,5,5,90,Yes,SYPI,Symphyotrichum pilosum,10,82
9/12/2019,GRE21,4,1,10,65,Yes,SOCA,Solidago canadensis,5,99
9/12/2019,GRE21,4,2,5,90,Yes,SOCA,Solidago canadensis,5,67
9/12/2019,GRE21,4,3,5,85,Yes,SOCA,Solidago canadensis,6,89
9/12/2019,GRE21,4,4,10,70,Yes,SOCA,Solidago canadensis,4,103
9/12/2019,GRE21,4,5,35,50,Yes,SOCA,Solidago canadensis,13,118
9/12/2019,GRE21,5,1,10,80,Yes,SOCA,Solidago canadensis,5,123
9/12/2019,GRE21,5,2,15,50,Yes,SOCA,Solidago canadensis,9,166
9/12/2019,GRE21,5,3,25,55,Yes,SOCA,Solidago canadensis,4,112
9/12/2019,GRE21,5,4,30,50,Yes,SOCA,Solidago canadensis,14,465
9/12/2019,GRE21,5,5,15,70,Yes,SOCA,Solidago canadensis,12,221
9/11/2019,TEN20,1,1,40,50,Yes,SOCA,Solidago canadensis,1,86
9/11/2019,TEN20,1,1,40,50,Yes,SPYI,Symphyotrichum pilosum,1,1
9/11/2019,TEN20,1,1,40,50,Yes,ASNO,Aster novae-angliae,1,1
9/11/2019,TEN20,1,2,30,65,Yes,SOCA,Solidago canadensis,8,106
9/11/2019,TEN20,1,2,30,65,Yes,ASOO,Aster oolentangiensis,21,41
9/11/2019,TEN20,1,2,30,65,Yes,SYPI,Symphyotrichum pilosum,1,3
9/11/2019,TEN20,1,3,40,55,Yes,SYPI,Symphyotrichum pilosum,3,13
9/11/2019,TEN20,1,4,50,50,No,SOCA,Solidago canadensis,2,38
9/11/2019,TEN20,1,5,65,35,No,ASOO,Aster oolentangiensis,7,17
9/11/2019,TEN20,2,1,25,70,Yes,SOCA,Solidago canadensis,1,1
9/11/2019,TEN20,2,1,25,70,Yes,ERST,Erigeron strigosus,1,1
9/11/2019,TEN20,2,2,70,30,No,SOCA,Solidago canadensis,3,69
9/11/2019,TEN20,2,2,70,30,No,ERST,Erigeron strigosus,2,3
9/11/2019,TEN20,2,3,65,30,Yes,CHFA,Chamaecrista fasciculata,1,3
9/11/2019,TEN20,2,3,65,30,Yes,ERST,Erigeron strigosus,1,1
9/11/2019,TEN20,2,4,35,60,Yes,SOCA,Solidago canadensis,1,1
9/11/2019,TEN20,2,5,50,45,Yes,CHFA,Chamaecrista fasciculata,1,1
9/11/2019,TEN20,3,1,30,65,Yes,CHFA,Chamaecrista fasciculata,1,1
9/11/2019,TEN20,3,2,45,50,Yes,CHFA,Chamaecrista fasciculata,1,2
9/11/2019,TEN20,3,3,35,60,Yes,CHFA,Chamaecrista fasciculata,2,4
9/11/2019,TEN20,3,4,40,55,Yes,ERST,Erigeron strigosus,2,2
9/11/2019,TEN20,3,4,40,55,Yes,CHFA,Chamaecrista fasciculata,1,4
9/11/2019,TEN20,3,4,40,55,Yes,SOCA,Solidago canadensis,1,33
9/11/2019,TEN20,3,5,45,55,No,SOCA,Solidago canadensis,3,139
9/11/2019,TEN20,3,5,45,55,No,SYPI,Symphyotrichum pilosum,2,4
9/11/2019,TEN20,4,1,10,85,Yes,SOCA,Solidago canadensis,3,143
9/11/2019,TEN20,4,1,10,85,Yes,SYPI,Symphyotrichum pilosum,3,10
9/11/2019,TEN20,4,2,10,85,Yes,SOCA,Solidago canadensis,3,221
9/11/2019,TEN20,4,2,10,85,Yes,SYPI,Symphyotrichum pilosum,1,1
9/11/2019,TEN20,4,3,20,75,Yes,CHFA,Chamaecrista fasciculata,3,6
9/11/2019,TEN20,4,3,20,75,Yes,SOCA,Solidago canadensis,2,22
9/11/2019,TEN20,4,4,5,90,Yes,CHFA,Chamaecrista fasciculata,2,6
9/11/2019,TEN20,4,5,5,90,Yes,SOCA,Solidago canadensis,1,2
9/11/2019,TEN20,4,5,5,90,Yes,SYPI,Symphyotrichum pilosum,1,1
9/11/2019,TEN20,5,1,10,85,Yes,CHFA,Chamaecrista fasciculata,2,3
9/11/2019,TEN20,5,1,10,85,Yes,SOCA,Solidago canadensis,1,3
9/11/2019,TEN20,5,2,5,90,Yes,CHFA,Chamaecrista fasciculata,3,3
9/11/2019,TEN20,5,3,5,95,No,CHFA,Chamaecrista fasciculata,1,4
9/11/2019,TEN20,5,4,5,90,Yes,SOCA,Solidago canadensis,2,68
9/11/2019,TEN20,5,4,5,90,Yes,CHFA,Chamaecrista fasciculata,1,2
9/11/2019,TEN20,5,5,25,70,Yes,SYPI,Symphyotrichum pilosum,1,16
9/11/2019,TEN20,5,5,25,70,Yes,CHFA,Chamaecrista fasciculata,1,1
9/6/2019,PRU,1,1,35,50,Yes,,,,
9/6/2019,PRU,1,2,25,60,Yes,,,,
9/6/2019,PRU,1,3,20,75,Yes,RUHI,Rudbeckia hirta,4,11
9/6/2019,PRU,1,3,20,75,Yes,ASNO,Aster novae-angliae,1,2
9/6/2019,PRU,1,3,20,75,Yes,SOCA,Solidago canadensis,1,31
9/6/2019,PRU,1,4,25,60,Yes,SOCA,Solidago canadensis,3,70
9/6/2019,PRU,1,5,60,30,Yes,SOCA,Solidago canadensis,3,940
9/6/2019,PRU,1,5,60,30,Yes,SOCA,Solidago canadensis,3,122
9/6/2019,PRU,2,1,70,20,Yes,RUHI,Rudbeckia hirta,1,4
9/6/2019,PRU,2,1,70,20,Yes,SOCA,Solidago canadensis,1,8
9/6/2019,PRU,2,2,65,25,Yes,SOCA,Solidago canadensis,1,14
9/6/2019,PRU,2,3,15,70,Yes,SOCA,Solidago canadensis,1,23
9/6/2019,PRU,2,3,15,70,Yes,ANO,Aster novae-angliae,2,5
9/6/2019,PRU,2,4,10,55,Yes,SOCA,Solidago canadensis,3,308
9/6/2019,PRU,2,5,30,50,Yes,SOCA,Solidago canadensis,6,870
9/6/2019,PRU,3,1,20,50,Yes,SOCA,Solidago canadensis,7,526
9/6/2019,PRU,3,2,30,60,Yes,SOCA,Solidago canadensis,6,776
9/6/2019,PRU,3,3,10,70,Yes,CHFA,Chamaecrista fasciculata,1,1
9/6/2019,PRU,3,3,10,70,Yes,SOCA,Solidago canadensis,6,608
9/6/2019,PRU,3,4,25,60,Yes,SOCA,Solidago canadensis,1,6
9/6/2019,PRU,3,4,25,60,Yes,RUHI,Rudbeckia hirta,6,19
9/6/2019,PRU,3,5,40,50,No,SOCA,Solidago canadensis,1,5
9/6/2019,PRU,4,1,45,35,No,SOCA,Solidago canadensis,1,4
9/6/2019,PRU,4,2,40,50,Yes,SOCA,Solidago canadensis,5,252
9/6/2019,PRU,4,2,40,50,Yes,ASNO,Aster novae-angliae,1,21
9/6/2019,PRU,4,3,50,30,Yes,CHFA,Chamaecrista fasciculata,1,5
9/6/2019,PRU,4,4,35,60,Yes,ASNO,Aster novae-angliae,1,4
9/6/2019,PRU,4,4,35,60,Yes,SOCA,Solidago canadensis,5,319
9/6/2019,PRU,4,5,25,70,Yes,RUHI,Rudbeckia hirta,2,4
9/6/2019,PRU,4,5,25,70,Yes,SOCA,Solidago canadensis,2,112
9/6/2019,PRU,5,1,20,75,Yes,ASNO,Aster novae-angliae,2,4
9/6/2019,PRU,5,1,20,75,Yes,SOCA,Solidago canadensis,2,36
9/6/2019,PRU,5,2,10,85,Yes,,,,
9/6/2019,PRU,5,3,65,30,Yes,,,,
9/6/2019,PRU,5,4,25,55,Yes,SOCA,Solidago canadensis,4,29
9/6/2019,PRU,5,5,40,55,Yes,RUHI,Rudbeckia hirta,11,39
9/5/2019,LEW,1,1,35,40,Yes,HEHE,Heliopsis helianthoides,2,7
9/5/2019,LEW,1,2,10,80,Yes,HEHE,Heliopsis helianthoides,1,1
9/5/2019,LEW,1,3,15,70,Yes,,,,
9/5/2019,LEW,1,4,5,50,Yes,IPHE,Ipomoea hederacea,1,2
9/5/2019,LEW,1,4,5,50,Yes,COLA,Coreopsis lanceolata,1,1
9/5/2019,LEW,1,5,25,70,Yes,IPHE,Ipomoea hederacea,1,1
9/5/2019,LEW,2,1,30,20,Yes,RUHI,Rudbeckia hirta,1,4
9/5/2019,LEW,2,2,15,70,Yes,IPHE,Ipomoea hederacea,1,1
9/5/2019,LEW,2,3,5,75,Yes,IPHE,Ipomoea hederacea,1,1
9/5/2019,LEW,2,4,10,35,Yes,IPHE,Ipomoea hederacea,1,1
9/5/2019,LEW,2,5,10,80,Yes,,,,
9/5/2019,LEW,3,1,5,90,Yes,HEHE,Heliopsis helianthoides,1,14
9/5/2019,LEW,3,1,5,90,Yes,IPHE,Ipomoea hederacea,1,1
9/5/2019,LEW,3,2,15,60,Yes,IPHE,Ipomoea hederacea,2,3
9/5/2019,LEW,3,3,5,90,Yes,RUHI,Rudbeckia hirta,1,3
9/5/2019,LEW,3,3,5,90,Yes,HEHE,Heliopsis helianthoides,1,7
9/5/2019,LEW,3,3,5,90,Yes,IPHE,Ipomoea hederacea,3,10
9/5/2019,LEW,3,4,5,25,Yes,,,,
9/5/2019,LEW,3,5,30,30,Yes,HEHE,Heliopsis helianthoides,1,6
9/5/2019,LEW,3,5,30,30,Yes,SYPI,Symphyotrichum pilosum,1,6
9/5/2019,LEW,4,1,40,50,Yes,IPHE,Ipomoea hederacea,1,1
9/5/2019,LEW,4,2,20,75,Yes,SYPI,Symphyotrichum pilosum,1,7
9/5/2019,LEW,4,3,5,60,Yes,IPHE,Ipomoea hederacea,4,6
9/5/2019,LEW,4,3,5,60,Yes,HEHE,Heliopsis helianthoides,1,4
9/5/2019,LEW,4,4,15,65,Yes,HEHE,Heliopsis helianthoides,1,1
9/5/2019,LEW,4,5,10,70,Yes,LACA,Lactuca canadensis,1,11
9/5/2019,LEW,5,1,60,30,Yes,,,,
9/5/2019,LEW,5,2,20,60,Yes,,,,
9/5/2019,LEW,5,3,10,80,Yes,,,,
9/5/2019,LEW,5,4,20,70,Yes,LACA,Lactuca canadensis,1,18
9/5/2019,LEW,5,5,25,60,Yes,COLA,Coreopsis lanceolata,1,1
9/11/2019,GLAZIK,1,1,0,100,Yes,SOCA,Solidago canadensis,14,585
9/11/2019,GLAZIK,1,2,0,100,Yes,SOCA,Solidago canadensis,20,10000
9/11/2019,GLAZIK,1,3,0,100,Yes,SOCA,Solidago canadensis,10,985
9/11/2019,GLAZIK,1,4,0,100,Yes,SOCA,Solidago canadensis,6,220
9/11/2019,GLAZIK,1,5,0,95,Yes,,,,
9/11/2019,GLAZIK,2,1,0,100,Yes,SOCA,Solidago canadensis,21,10000
9/11/2019,GLAZIK,2,2,0,85,Yes,,,,
9/11/2019,GLAZIK,2,3,0,85,Yes,SOCA,Solidago canadensis,11,10000
9/11/2019,GLAZIK,2,4,0,90,Yes,SOCA,Solidago canadensis,9,850
9/11/2019,GLAZIK,2,5,0,85,Yes,SOCA,Solidago canadensis,7,315
9/11/2019,GLAZIK,3,1,0,10,Yes,SOCA,Solidago canadensis,3,325
9/11/2019,GLAZIK,3,1,0,10,Yes,HEMA,Helianthus maximilianii,1,2
9/11/2019,GLAZIK,3,2,0,95,No,SOCA,Solidago canadensis,4,125
9/11/2019,GLAZIK,3,3,0,95,Yes,SOCA,Solidago canadensis,5,475
9/11/2019,GLAZIK,3,4,0,100,Yes,SOCA,Solidago canadensis,2,45
9/11/2019,GLAZIK,3,5,0,80,Yes,SOCA,Solidago canadensis,4,320
9/11/2019,GLAZIK,3,5,0,80,Yes,HEMA,Helianthus maximilianii,3,3
9/11/2019,GLAZIK,4,1,0,90,Yes,HEMA,Helianthus maximilianii,2,5
9/11/2019,GLAZIK,4,1,0,90,Yes,SOCA,Solidago canadensis,5,800
9/11/2019,GLAZIK,4,2,0,95,Yes,SOCA,Solidago canadensis,10,800
9/11/2019,GLAZIK,4,3,0,95,No,SOCA,Solidago canadensis,11,10000
9/11/2019,GLAZIK,4,3,0,95,No,SYPI,Symphyotrichum pilosum,1,1
9/11/2019,GLAZIK,4,4,0,80,Yes,SOCA,Solidago canadensis,1,20
9/11/2019,GLAZIK,4,5,0,90,Yes,SOCA,Solidago canadensis,2,225
9/11/2019,GLAZIK,5,1,0,100,No,SOCA,Solidago canadensis,5,120
9/11/2019,GLAZIK,5,2,0,100,Yes,SOCA,Solidago canadensis,11,10000
9/11/2019,GLAZIK,5,3,0,100,Yes,SOCA,Solidago canadensis,24,10000
9/11/2019,GLAZIK,5,4,0,100,No,,,,
9/11/2019,GLAZIK,5,5,0,100,Yes,SOCA,Solidago canadensis,10,10000
9/7/2019,GRE29,1,1,0,100,Yes,SOCA,Solidago canadensis,10,270
9/7/2019,GRE29,1,2,0,100,Yes,SOCA,Solidago canadensis,5,105
9/7/2019,GRE29,1,3,5,95,No,CHFA,Chamaecrista fasciculata,1,2
9/7/2019,GRE29,1,4,0,70,No,CHFA,Chamaecrista fasciculata,2,4
9/7/2019,GRE29,1,5,0,60,Yes,,,,
9/7/2019,GRE29,2,1,0,85,No,CHFA,Chamaecrista fasciculata,3,12
9/7/2019,GRE29,2,2,0,95,Yes,CHFA,Chamaecrista fasciculata,1,1
9/7/2019,GRE29,2,2,0,95,No,SYPI,Symphyotrichum pilosum,1,1
9/7/2019,GRE29,2,3,0,60,No,CHFA,Chamaecrista fasciculata,2,3
9/7/2019,GRE29,2,4,0,45,No,SOCA,Solidago canadensis,1,280
9/7/2019,GRE29,2,5,0,95,No,,,,
9/7/2019,GRE29,3,1,0,100,No,,,,
9/7/2019,GRE29,3,2,5,90,Yes,SOCA,Solidago canadensis,1,10
9/7/2019,GRE29,3,3,5,80,Yes,SOCA,Solidago canadensis,7,90
9/7/2019,GRE29,3,4,0,100,No,,,,
9/7/2019,GRE29,3,5,0,75,Yes,,,,
9/7/2019,GRE29,4,1,0,90,Yes,SOCA,Solidago canadensis,4,95
9/7/2019,GRE29,4,2,0,95,Yes,,,,
9/7/2019,GRE29,4,3,0,80,Yes,SOCA,Solidago canadensis,6,220
9/7/2019,GRE29,4,4,0,80,No,SOCA,Solidago canadensis,4,15
9/7/2019,GRE29,4,5,0,75,No,SOCA,Solidago canadensis,8,115
9/7/2019,GRE29,5,1,0,100,No,,,,
9/7/2019,GRE29,5,2,0,100,No,,,,
9/7/2019,GRE29,5,3,0,95,No,SOCA,Solidago canadensis,1,20
9/7/2019,GRE29,5,4,0,95,No,SOCA,Solidago canadensis,2,80
9/7/2019,GRE29,5,5,0,100,Yes,SOCA,Solidago canadensis,13,325
9/5/2019,BEH,1,1,0,50,Yes,SOCA,Solidago canadensis,2,17
9/5/2019,BEH,1,2,0,90,Yes,,,,
9/5/2019,BEH,1,3,0,75,Yes,SOCA,Solidago canadensis,8,284
9/5/2019,BEH,1,4,0,30,Yes,,,,
9/5/2019,BEH,1,5,1,60,Yes,,,,
9/5/2019,BEH,2,1,0,35,Yes,,,,
9/5/2019,BEH,2,2,1,40,Yes,,,,
9/5/2019,BEH,2,3,0,65,Yes,,,,
9/5/2019,BEH,2,4,1,45,Yes,,,,
9/5/2019,BEH,2,5,1,45,Yes,,,,
9/5/2019,BEH,3,1,1,70,Yes,,,,
9/5/2019,BEH,3,2,5,80,Yes,CHFA,Chamaecrista fasciculata,1,1
9/5/2019,BEH,3,3,0,85,Yes,SOCA,Solidago canadensis,2,38
9/5/2019,BEH,3,4,0,50,Yes,CHFA,Chamaecrista fasciculata,1,1
9/5/2019,BEH,3,4,0,50,Yes,SOCA,Solidago canadensis,1,7
9/5/2019,BEH,3,5,0,90,Yes,,,,
9/5/2019,BEH,4,1,1,95,Yes,MEAL,Melilotus albus,1,109
9/5/2019,BEH,4,2,1,90,Yes,SOCA,Solidago canadensis,3,114
9/5/2019,BEH,4,3,5,70,Yes,SOCA,Solidago canadensis,2,71
9/5/2019,BEH,4,4,0,50,Yes,,,,
9/5/2019,BEH,4,5,0,100,Yes,SOCA,Solidago canadensis,4,81
9/5/2019,BEH,5,1,5,75,Yes,SOCA,Solidago canadensis,1,3
9/5/2019,BEH,5,2,1,85,Yes,,,,
9/5/2019,BEH,5,3,0,100,Yes,SOCA,Solidago canadensis,1,49
9/5/2019,BEH,5,4,0,100,Yes,,,,
9/5/2019,BEH,5,5,0,100,Yes,,,,
9/4/2019,TOB,1,1,0,85,Yes,,,,
9/4/2019,TOB,1,2,5,90,Yes,,,,
9/4/2019,TOB,1,3,20,75,Yes,MEAL,Melilotus albus,1,132
9/4/2019,TOB,1,4,5,70,Yes,SYPI,Symphyotrichum pilosum,4,13
9/4/2019,TOB,1,5,30,40,Yes,,,,
9/4/2019,TOB,2,1,35,50,Yes,,,,
9/4/2019,TOB,2,2,40,55,Yes,,,,
9/4/2019,TOB,2,3,20,85,Yes,,,,
9/4/2019,TOB,2,4,10,80,Yes,,,,
9/4/2019,TOB,2,5,30,75,Yes,,,,
9/4/2019,TOB,3,1,5,90,Yes,SORI,Solidago rigida,1,4
9/4/2019,TOB,3,2,15,60,Yes,SORI,Solidago rigida,4,44
9/4/2019,TOB,3,3,10,70,Yes,,,,
9/4/2019,TOB,3,4,50,45,Yes,,,,
9/4/2019,TOB,3,5,20,55,Yes,CHFA,Chamaecrista fasciculata,1,2
9/4/2019,TOB,3,5,20,55,Yes,SORI,Solidago rigida,1,12
9/4/2019,TOB,4,1,10,70,Yes,CHFA,Chamaecrista fasciculata,2,3
9/4/2019,TOB,4,2,35,45,Yes,,,,
9/4/2019,TOB,4,3,10,75,Yes,,,,
9/4/2019,TOB,4,4,15,70,Yes,,,,
9/4/2019,TOB,4,5,5,90,Yes,SOCA,Solidago canadensis,7,111
9/4/2019,TOB,4,5,5,90,Yes,ASOO,Aster oolentangiensis,1,5
9/4/2019,TOB,5,1,10,60,Yes,SORI,Solidago rigida,1,10
9/4/2019,TOB,5,2,5,85,Yes,,,,
9/4/2019,TOB,5,3,10,65,Yes,,,,
9/4/2019,TOB,5,4,5,80,Yes,SORI,Solidago rigida,3,26
9/4/2019,TOB,5,5,5,80,Yes,CHFA,Chamaecrista fasciculata,1,1
9/4/2019,TOB,5,5,5,70,Yes,SYNO,Symphyotrichum novae-angliae,6,15
9/3/2019,ROG,1,1,10,60,Yes,,,,
9/3/2019,ROG,1,2,20,60,Yes,,,,
9/3/2019,ROG,1,3,35,70,Yes,,,,
9/3/2019,ROG,1,4,5,55,Yes,DACA,Daucus carota,1,2
9/3/2019,ROG,1,4,5,55,Yes,SORI,Solidago rigida,6,137
9/3/2019,ROG,1,5,5,80,Yes,SORI,Solidago rigida,3,111
9/3/2019,ROG,1,5,5,80,Yes,CHFA,Chamaecrista fasciculata,1,3
9/3/2019,ROG,2,1,10,35,Yes,CHFA,Chamaecrista fasciculata,3,26
9/3/2019,ROG,2,2,5,60,Yes,CHFA,Chamaecrista fasciculata,2,4
9/3/2019,ROG,2,2,5,60,Yes,SOJU,Solidago juncea,2,108
9/3/2019,ROG,2,3,10,75,Yes,CHFA,Chamaecrista fasciculata,2,2
9/3/2019,ROG,2,3,10,75,Yes,SOJU,Solidago juncea,3,137
9/3/2019,ROG,2,4,5,45,Yes,,,,
9/3/2019,ROG,2,5,35,40,Yes,CHFA,Chamaecrista fasciculata,4,14
9/3/2019,ROG,3,1,15,35,Yes,SOJU,Solidago juncea,1,107
9/3/2019,ROG,3,2,5,30,Yes,,,,
9/3/2019,ROG,3,3,5,40,Yes,,,,
9/3/2019,ROG,3,4,0,35,Yes,RUTR,Rudbeckia triloba,1,11
9/3/2019,ROG,3,4,0,35,Yes,CHFA,Chamaecrista fasciculata,1,8
9/3/2019,ROG,3,5,0,45,Yes,RUTR,Rudbeckia triloba,2,31
9/3/2019,ROG,3,5,0,45,Yes,CHFA,Chamaecrista fasciculata,1,4
9/3/2019,ROG,4,1,15,50,Yes,CHFA,Chamaecrista fasciculata,3,13
9/3/2019,ROG,4,2,10,40,Yes,CHFA,Chamaecrista fasciculata,2,15
9/3/2019,ROG,4,3,0,35,Yes,SOJU,Solidago juncea,10,206
9/3/2019,ROG,4,4,25,30,Yes,SOJU,Solidago juncea,1,3
9/3/2019,ROG,4,5,5,40,Yes,SOJU,Solidago juncea,2,41
9/3/2019,ROG,4,5,5,40,Yes,SORI,Solidago rigida,2,204
9/3/2019,ROG,4,5,5,40,Yes,CHFA,Chamaecrista fasciculata,1,9
9/3/2019,ROG,5,1,20,45,Yes,SYPI,Symphyotrichum pilosum,1,8
9/3/2019,ROG,5,1,20,45,Yes,CHFA,Chamaecrista fasciculata,2,50
9/3/2019,ROG,5,2,5,35,Yes,,,,
9/3/2019,ROG,5,3,0,30,Yes,,,,
9/3/2019,ROG,5,4,10,35,Yes,SORI,Solidago rigida,7,153
9/3/2019,ROG,5,5,5,35,Yes,SORI,Solidago rigida,6,176
